2021-04-16 10:32:55,971,timestamp,threshold,attention,score,spaceship_position,spaceship_velocity
2021-04-16 10:32:55,976,60,1,0,-5.0,-5.9
2021-04-16 10:32:55,994,60,1,0,-27.9375,-31.5
2021-04-16 10:32:56,011,60,1,0,-27.9375,-6.7
2021-04-16 10:32:56,028,60,1,0,-27.9375,-6.7
2021-04-16 10:32:56,044,60,1,0,-27.9375,-6.75
2021-04-16 10:32:56,061,60,1,0,-27.9375,-6.7
2021-04-16 10:32:56,076,60,1,0,-27.9375,-6.75
2021-04-16 10:32:56,093,60,1,0,-27.9375,-6.7
2021-04-16 10:32:56,109,60,1,0,-27.9375,-6.7
2021-04-16 10:32:56,125,60,1,0,-27.9375,-6.7
2021-04-16 10:32:56,142,60,1,0,-27.9375,-6.7
2021-04-16 10:32:56,160,60,1,0,-27.9375,-6.8500000000000005
2021-04-16 10:32:56,178,60,1,0,-27.9375,-6.7
2021-04-16 10:32:56,193,60,1,0,-27.9375,-6.75
2021-04-16 10:32:56,210,60,1,0,-27.9375,-6.75
2021-04-16 10:32:56,233,60,1,0,-27.9375,-7.1000000000000005
2021-04-16 10:32:56,249,60,1,0,-27.9375,-6.7
2021-04-16 10:32:56,266,60,1,0,-27.9375,-6.75
2021-04-16 10:32:56,282,60,1,0,-27.9375,-6.7
2021-04-16 10:32:56,298,60,1,0,-27.9375,-6.7
2021-04-16 10:32:56,314,60,1,0,-27.9375,-6.7
2021-04-16 10:32:56,331,60,1,0,-27.9375,-6.75
2021-04-16 10:32:56,347,60,1,0,-27.9375,-6.7
2021-04-16 10:32:56,363,60,1,0,-27.9375,-6.7
2021-04-16 10:32:56,380,60,1,0,-27.9375,-6.7
2021-04-16 10:32:56,397,60,1,0,-27.9375,-6.800000000000001
2021-04-16 10:32:56,413,60,1,0,-27.9375,-6.7
2021-04-16 10:32:56,429,60,1,0,-27.9375,-6.7
2021-04-16 10:32:56,446,60,1,0,-27.9375,-6.75
2021-04-16 10:32:56,463,60,1,0,-27.9375,-6.75
2021-04-16 10:32:56,479,60,1,0,-27.9375,-6.7
2021-04-16 10:32:56,495,60,1,0,-27.9375,-6.7
2021-04-16 10:32:56,512,60,1,0,-27.9375,-6.75
2021-04-16 10:32:56,528,60,1,0,-27.9375,-6.7
2021-04-16 10:32:56,545,60,1,0,-27.9375,-6.75
2021-04-16 10:32:56,561,60,1,0,-27.9375,-6.7
2021-04-16 10:32:56,578,60,1,0,-27.9375,-6.75
2021-04-16 10:32:56,596,60,1,0,-27.9375,-6.800000000000001
2021-04-16 10:32:56,612,60,1,0,-27.9375,-6.7
2021-04-16 10:32:56,628,60,1,0,-27.9375,-6.7
2021-04-16 10:32:56,645,60,1,0,-27.9375,-6.75
2021-04-16 10:32:56,662,60,1,0,-27.9375,-6.7
2021-04-16 10:32:56,680,60,1,0,-27.9375,-6.8500000000000005
2021-04-16 10:32:56,696,60,1,0,-27.9375,-6.7
2021-04-16 10:32:56,721,60,1,0,-27.9375,-7.15
2021-04-16 10:32:56,737,60,1,0,-27.9375,-6.7
2021-04-16 10:32:56,753,60,1,0,-27.9375,-6.7
2021-04-16 10:32:56,769,60,1,0,-27.9375,-6.7
2021-04-16 10:32:56,785,60,1,0,-27.9375,-6.7
2021-04-16 10:32:56,801,60,1,0,-27.9375,-6.7
2021-04-16 10:32:56,817,60,1,0,-27.9375,-6.7
2021-04-16 10:32:56,833,60,1,0,-27.9375,-6.7
2021-04-16 10:32:56,849,60,1,0,-27.9375,-6.7
2021-04-16 10:32:56,865,60,1,0,-27.9375,-6.7
2021-04-16 10:32:56,882,60,1,0,-27.9375,-6.7
2021-04-16 10:32:56,897,60,1,0,-27.9375,-6.7
2021-04-16 10:32:56,913,60,1,0,-27.9375,-6.7
2021-04-16 10:32:56,929,60,1,0,-27.9375,-6.7
2021-04-16 10:32:56,946,60,1,0,-27.9375,-6.75
2021-04-16 10:32:56,963,60,1,0,-27.9375,-6.7
2021-04-16 10:32:56,979,60,1,0,-27.9375,-6.75
2021-04-16 10:32:56,995,60,1,0,-27.9375,-6.7
2021-04-16 10:32:57,012,60,1,0,-27.9375,-6.7
2021-04-16 10:32:57,029,60,1,0,-27.9375,-6.75
2021-04-16 10:32:57,045,60,1,0,-27.9375,-6.7
2021-04-16 10:32:57,061,60,1,0,-27.9375,-6.7
2021-04-16 10:32:57,077,60,1,0,-27.9375,-6.7
2021-04-16 10:32:57,093,60,1,0,-27.9375,-6.7
2021-04-16 10:32:57,111,60,1,0,-27.9375,-6.800000000000001
2021-04-16 10:32:57,127,60,1,0,-27.9375,-6.7
2021-04-16 10:32:57,143,60,1,0,-27.9375,-6.7
2021-04-16 10:32:57,165,60,1,0,-27.9375,-7.0
2021-04-16 10:32:57,181,60,1,0,-27.9375,-6.7
2021-04-16 10:32:57,197,60,1,0,-27.9375,-6.7
2021-04-16 10:32:57,213,60,1,0,-27.9375,-6.7
2021-04-16 10:32:57,231,60,1,0,-27.9375,-6.800000000000001
2021-04-16 10:32:57,247,60,1,0,-27.9375,-6.75
2021-04-16 10:32:57,268,60,1,0,-27.9375,-6.95
2021-04-16 10:32:57,284,60,1,0,-27.9375,-6.7
2021-04-16 10:32:57,300,60,1,0,-27.9375,-6.7
2021-04-16 10:32:57,316,60,1,0,-27.9375,-6.7
2021-04-16 10:32:57,334,60,1,0,-27.9375,-6.800000000000001
2021-04-16 10:32:57,350,60,1,0,-27.9375,-6.7
2021-04-16 10:32:57,366,60,1,0,-27.9375,-6.7
2021-04-16 10:32:57,382,60,1,0,-27.9375,-6.7
2021-04-16 10:32:57,400,60,1,0,-27.9375,-6.800000000000001
2021-04-16 10:32:57,416,60,1,0,-27.9375,-6.7
2021-04-16 10:32:57,432,60,1,0,-27.9375,-6.7
2021-04-16 10:32:57,448,60,1,0,-27.9375,-6.7
2021-04-16 10:32:57,464,60,1,0,-27.9375,-6.7
2021-04-16 10:32:57,480,60,1,0,-27.9375,-6.7
2021-04-16 10:32:57,496,60,1,0,-27.9375,-6.7
2021-04-16 10:32:57,512,60,1,0,-27.9375,-6.7
2021-04-16 10:32:57,530,60,1,0,-27.9375,-6.800000000000001
2021-04-16 10:32:57,547,60,1,0,-27.9375,-6.7
2021-04-16 10:32:57,563,60,1,0,-27.9375,-6.7
2021-04-16 10:32:57,579,60,1,0,-27.9375,-6.75
2021-04-16 10:32:57,595,60,1,0,-27.9375,-6.7
2021-04-16 10:32:57,611,60,1,0,-27.9375,-6.7
2021-04-16 10:32:57,628,60,1,0,-27.9375,-6.75
2021-04-16 10:32:57,644,60,1,0,-27.9375,-6.75
2021-04-16 10:32:57,662,60,1,0,-27.9375,-6.75
2021-04-16 10:32:57,678,60,1,0,-27.9375,-6.7
2021-04-16 10:32:57,694,60,1,0,-27.9375,-6.7
2021-04-16 10:32:57,711,60,1,0,-27.9375,-6.75
2021-04-16 10:32:57,728,60,1,0,-27.9375,-6.75
2021-04-16 10:32:57,748,60,1,0,-27.9375,-6.9
2021-04-16 10:32:57,764,60,1,0,-27.9375,-6.7
2021-04-16 10:32:57,780,60,1,0,-27.9375,-6.7
2021-04-16 10:32:57,797,60,1,0,-27.9375,-6.75
2021-04-16 10:32:57,817,60,1,0,-27.9375,-6.8500000000000005
2021-04-16 10:32:57,834,60,1,0,-27.9375,-6.800000000000001
2021-04-16 10:32:57,850,60,1,0,-27.9375,-6.7
2021-04-16 10:32:57,867,60,1,0,-27.9375,-6.75
2021-04-16 10:32:57,887,60,1,0,-27.9375,-6.8500000000000005
2021-04-16 10:32:57,908,60,1,0,-27.9375,-7.0
2021-04-16 10:32:57,924,60,1,0,-27.9375,-6.7
2021-04-16 10:32:57,940,60,1,0,-27.9375,-6.7
2021-04-16 10:32:57,956,60,1,0,-27.9375,-6.7
2021-04-16 10:32:57,972,60,1,0,-27.9375,-6.7
2021-04-16 10:32:57,991,60,1,0,-27.9375,-6.8500000000000005
2021-04-16 10:32:58,008,60,1,0,-27.9375,-6.7
2021-04-16 10:32:58,029,60,1,0,-27.9375,-6.95
2021-04-16 10:32:58,048,60,1,0,-27.9375,-6.8500000000000005
2021-04-16 10:32:58,065,60,1,0,-27.9375,-6.7
2021-04-16 10:32:58,081,60,1,0,-27.9375,-6.75
2021-04-16 10:32:58,097,60,1,0,-27.9375,-6.7
2021-04-16 10:32:58,113,60,1,0,-27.9375,-6.7
2021-04-16 10:32:58,130,60,1,0,-27.9375,-6.75
2021-04-16 10:32:58,146,60,1,0,-27.9375,-6.7
2021-04-16 10:32:58,162,60,1,0,-27.9375,-6.7
2021-04-16 10:32:58,178,60,1,0,-27.9375,-6.7
2021-04-16 10:32:58,195,60,1,0,-27.9375,-6.7
2021-04-16 10:32:58,210,60,1,0,-27.9375,-6.7
2021-04-16 10:32:58,233,60,1,0,-27.9375,-7.1000000000000005
2021-04-16 10:32:58,249,60,1,0,-27.9375,-6.7
2021-04-16 10:32:58,269,60,1,0,-27.9375,-6.8500000000000005
2021-04-16 10:32:58,285,60,1,0,-27.9375,-6.75
2021-04-16 10:32:58,301,60,1,0,-27.9375,-6.7
2021-04-16 10:32:58,323,60,1,0,-27.9375,-6.95
2021-04-16 10:32:58,339,60,1,0,-27.9375,-6.75
2021-04-16 10:32:58,355,60,1,0,-27.9375,-6.7
2021-04-16 10:32:58,371,60,1,0,-27.9375,-6.7
2021-04-16 10:32:58,389,60,1,0,-27.9375,-6.800000000000001
2021-04-16 10:32:58,405,60,1,0,-27.9375,-6.7
2021-04-16 10:32:58,421,60,1,0,-27.9375,-6.7
2021-04-16 10:32:58,438,60,1,0,-27.9375,-6.75
2021-04-16 10:32:58,455,60,1,0,-27.9375,-6.7
2021-04-16 10:32:58,470,60,1,0,-27.9375,-6.7
2021-04-16 10:32:58,487,60,1,0,-27.9375,-6.7
2021-04-16 10:32:58,503,60,1,0,-27.9375,-6.75
2021-04-16 10:32:58,520,60,1,0,-27.9375,-6.75
2021-04-16 10:32:58,537,60,1,0,-27.9375,-6.7
2021-04-16 10:32:58,553,60,1,0,-27.9375,-6.75
2021-04-16 10:32:58,570,60,1,0,-27.9375,-6.7
2021-04-16 10:32:58,586,60,1,0,-27.9375,-6.75
2021-04-16 10:32:58,602,60,1,0,-27.9375,-6.7
2021-04-16 10:32:58,618,60,1,0,-27.9375,-6.7
2021-04-16 10:32:58,635,60,1,0,-27.9375,-6.7
2021-04-16 10:32:58,651,60,1,0,-27.9375,-6.7
2021-04-16 10:32:58,667,60,1,0,-27.9375,-6.75
2021-04-16 10:32:58,684,60,1,0,-27.9375,-6.7
2021-04-16 10:32:58,701,60,1,0,-27.9375,-6.800000000000001
2021-04-16 10:32:58,717,60,1,0,-27.9375,-6.7
2021-04-16 10:32:58,736,60,1,0,-27.9375,-6.8500000000000005
2021-04-16 10:32:58,753,60,1,0,-27.9375,-6.7
2021-04-16 10:32:58,768,60,1,0,-27.9375,-6.7
2021-04-16 10:32:58,784,60,1,0,-27.9375,-6.7
2021-04-16 10:32:58,800,60,1,0,-27.9375,-6.7
2021-04-16 10:32:58,817,60,1,0,-27.9375,-6.75
2021-04-16 10:32:58,833,60,1,0,-27.9375,-6.7
2021-04-16 10:32:58,851,60,1,0,-27.9375,-6.8500000000000005
2021-04-16 10:32:58,868,60,1,0,-27.9375,-6.7
2021-04-16 10:32:58,884,60,1,0,-27.9375,-6.7
2021-04-16 10:32:58,903,60,1,0,-27.9375,-6.8500000000000005
2021-04-16 10:32:58,919,60,1,0,-27.9375,-6.7
2021-04-16 10:32:58,935,60,1,0,-27.9375,-6.7
2021-04-16 10:32:58,954,60,1,0,-27.9375,-6.8500000000000005
2021-04-16 10:32:58,970,60,1,0,-27.9375,-6.7
2021-04-16 10:32:58,987,60,1,0,-27.9375,-6.7
2021-04-16 10:32:59,003,60,1,0,-27.9375,-6.7
2021-04-16 10:32:59,019,60,1,0,-27.9375,-6.7
2021-04-16 10:32:59,035,60,1,0,-27.9375,-6.7
2021-04-16 10:32:59,051,60,1,0,-27.9375,-6.7
2021-04-16 10:32:59,067,60,1,0,-27.9375,-6.7
2021-04-16 10:32:59,083,60,1,0,-27.9375,-6.7
2021-04-16 10:32:59,099,60,1,0,-27.9375,-6.7
2021-04-16 10:32:59,116,60,1,0,-27.9375,-6.75
2021-04-16 10:32:59,133,60,1,0,-27.9375,-6.75
2021-04-16 10:32:59,150,60,1,0,-27.9375,-6.7
2021-04-16 10:32:59,165,60,1,0,-27.9375,-6.75
2021-04-16 10:32:59,183,60,1,0,-27.9375,-6.75
2021-04-16 10:32:59,200,60,1,0,-27.9375,-6.7
2021-04-16 10:32:59,216,60,1,0,-27.9375,-6.800000000000001
2021-04-16 10:32:59,236,60,1,0,-27.9375,-6.9
2021-04-16 10:32:59,259,60,1,0,-27.9375,-7.050000000000001
2021-04-16 10:32:59,275,60,1,0,-27.9375,-6.7
2021-04-16 10:32:59,291,60,1,0,-27.9375,-6.7
2021-04-16 10:32:59,307,60,1,0,-27.9375,-6.7
2021-04-16 10:32:59,323,60,1,0,-27.9375,-6.7
2021-04-16 10:32:59,340,60,1,0,-27.9375,-6.75
2021-04-16 10:32:59,356,60,1,0,-27.9375,-6.7
2021-04-16 10:32:59,372,60,1,0,-27.9375,-6.7
2021-04-16 10:32:59,388,60,1,0,-27.9375,-6.7
2021-04-16 10:32:59,404,60,1,0,-27.9375,-6.7
2021-04-16 10:32:59,421,60,1,0,-27.9375,-6.75
2021-04-16 10:32:59,438,60,1,0,-27.9375,-6.75
2021-04-16 10:32:59,454,60,1,0,-27.9375,-6.7
2021-04-16 10:32:59,470,60,1,0,-27.9375,-6.7
2021-04-16 10:32:59,486,60,1,0,-27.9375,-6.7
2021-04-16 10:32:59,503,60,1,0,-27.9375,-6.7
2021-04-16 10:32:59,519,60,1,0,-27.9375,-6.75
2021-04-16 10:32:59,535,60,1,0,-27.9375,-6.7
2021-04-16 10:32:59,552,60,1,0,-27.9375,-6.75
2021-04-16 10:32:59,569,60,1,0,-27.9375,-6.7
2021-04-16 10:32:59,586,60,1,0,-27.9375,-6.800000000000001
2021-04-16 10:32:59,603,60,1,0,-27.9375,-6.7
2021-04-16 10:32:59,618,60,1,0,-27.9375,-6.7
2021-04-16 10:32:59,638,60,1,0,-27.9375,-6.7
2021-04-16 10:32:59,654,60,1,0,-27.9375,-6.9
2021-04-16 10:32:59,671,60,1,0,-27.9375,-6.75
2021-04-16 10:32:59,687,60,1,0,-27.9375,-6.7
2021-04-16 10:32:59,703,60,1,0,-27.9375,-6.7
2021-04-16 10:32:59,720,60,1,0,-27.9375,-6.75
2021-04-16 10:32:59,736,60,1,0,-27.9375,-6.7
2021-04-16 10:32:59,753,60,1,0,-27.9375,-6.7
2021-04-16 10:32:59,768,60,1,0,-27.9375,-6.7
2021-04-16 10:32:59,784,60,1,0,-27.9375,-6.7
2021-04-16 10:32:59,800,60,1,0,-27.9375,-6.7
2021-04-16 10:32:59,820,60,1,0,-27.9375,-6.9
2021-04-16 10:32:59,836,60,1,0,-27.9375,-6.7
2021-04-16 10:32:59,852,60,1,0,-27.9375,-6.7
2021-04-16 10:32:59,868,60,1,0,-27.9375,-6.7
2021-04-16 10:32:59,887,60,1,0,-27.9375,-6.8500000000000005
2021-04-16 10:32:59,903,60,1,0,-27.9375,-6.75
2021-04-16 10:32:59,920,60,1,0,-27.9375,-6.7
2021-04-16 10:32:59,936,60,1,0,-27.9375,-6.7
2021-04-16 10:32:59,953,60,1,0,-27.9375,-6.75
2021-04-16 10:32:59,970,60,1,0,-27.9375,-6.7
2021-04-16 10:32:59,986,60,1,0,-27.9375,-6.75
2021-04-16 10:33:00,004,60,1,0,-27.9375,-6.7
2021-04-16 10:33:00,019,60,1,0,-27.9375,-6.75
2021-04-16 10:33:00,037,60,1,0,-27.9375,-6.7
2021-04-16 10:33:00,057,60,1,0,-27.9375,-6.95
2021-04-16 10:33:00,073,60,1,0,-27.9375,-6.7
2021-04-16 10:33:00,089,60,1,0,-27.9375,-6.7
2021-04-16 10:33:00,105,60,1,0,-27.9375,-6.7
2021-04-16 10:33:00,121,60,1,0,-27.9375,-6.7
2021-04-16 10:33:00,137,60,1,0,-27.9375,-6.7
2021-04-16 10:33:00,153,60,1,0,-27.9375,-6.7
2021-04-16 10:33:00,169,60,1,0,-27.9375,-6.7
2021-04-16 10:33:00,185,60,1,0,-27.9375,-6.7
2021-04-16 10:33:00,202,60,1,0,-27.9375,-6.75
2021-04-16 10:33:00,219,60,1,0,-27.9375,-6.75
2021-04-16 10:33:00,237,60,1,0,-27.9375,-6.8500000000000005
2021-04-16 10:33:00,256,60,1,0,-27.9375,-6.800000000000001
2021-04-16 10:33:00,272,60,1,0,-27.9375,-6.75
2021-04-16 10:33:00,292,60,1,0,-27.9375,-6.8500000000000005
2021-04-16 10:33:00,311,60,1,0,-27.9375,-6.9
2021-04-16 10:33:00,331,60,1,0,-27.9375,-6.9
2021-04-16 10:33:00,350,60,1,0,-27.9375,-6.8500000000000005
2021-04-16 10:33:00,371,60,1,0,-27.9375,-6.95
2021-04-16 10:33:00,389,60,1,0,-27.9375,-6.800000000000001
2021-04-16 10:33:00,410,60,1,0,-27.9375,-6.95
2021-04-16 10:33:00,431,60,1,0,-27.9375,-6.9
2021-04-16 10:33:00,455,60,1,0,-27.9375,-7.15
2021-04-16 10:33:00,476,60,1,0,-27.9375,-6.95
2021-04-16 10:33:00,496,60,1,0,-27.9375,-6.9
2021-04-16 10:33:00,513,60,1,0,-27.9375,-6.75
2021-04-16 10:33:00,531,60,1,0,-27.9375,-6.800000000000001
2021-04-16 10:33:00,550,60,1,0,-27.9375,-6.8500000000000005
2021-04-16 10:33:00,567,60,1,0,-27.9375,-6.75
2021-04-16 10:33:00,588,60,1,0,-27.9375,-6.95
2021-04-16 10:33:00,606,60,1,0,-27.9375,-6.75
2021-04-16 10:33:00,624,60,1,0,-27.9375,-6.8500000000000005
2021-04-16 10:33:00,641,60,1,0,-27.9375,-6.75
2021-04-16 10:33:00,658,60,1,0,-27.9375,-6.7
2021-04-16 10:33:00,673,60,1,0,-27.9375,-6.7
2021-04-16 10:33:00,689,60,1,0,-27.9375,-6.7
2021-04-16 10:33:00,706,60,1,0,-27.9375,-6.75
2021-04-16 10:33:00,722,60,1,0,-27.9375,-6.7
2021-04-16 10:33:00,738,60,1,0,-27.9375,-6.7
2021-04-16 10:33:00,754,60,1,0,-27.9375,-6.7
2021-04-16 10:33:00,770,60,1,0,-27.9375,-6.7
2021-04-16 10:33:00,786,60,1,0,-27.9375,-6.7
2021-04-16 10:33:00,802,60,1,0,-27.9375,-6.7
2021-04-16 10:33:00,818,60,1,0,-27.9375,-6.7
2021-04-16 10:33:00,834,60,1,0,-27.9375,-6.7
2021-04-16 10:33:00,850,60,1,0,-27.9375,-6.7
2021-04-16 10:33:00,866,60,1,0,-27.9375,-6.7
2021-04-16 10:33:00,882,60,1,0,-27.9375,-6.7
2021-04-16 10:33:00,899,60,1,0,-27.9375,-6.7
2021-04-16 10:33:00,914,60,1,0,-27.9375,-6.7
2021-04-16 10:33:00,930,60,1,0,-27.9375,-6.7
2021-04-16 10:33:00,946,60,1,0,-27.9375,-6.7
2021-04-16 10:33:00,962,60,1,0,-27.9375,-6.7
2021-04-16 10:33:00,978,60,1,0,-27.9375,-6.7
2021-04-16 10:33:00,994,60,1,0,-27.9375,-6.7
2021-04-16 10:33:01,011,60,1,0,-27.9375,-6.7
2021-04-16 10:33:01,028,60,1,0,-27.9375,-6.75
2021-04-16 10:33:01,045,60,1,0,-27.9375,-6.75
2021-04-16 10:33:01,061,60,1,0,-27.9375,-6.7
2021-04-16 10:33:01,077,60,1,0,-27.9375,-6.7
2021-04-16 10:33:01,093,60,1,0,-27.9375,-6.7
2021-04-16 10:33:01,109,60,1,0,-27.9375,-6.7
2021-04-16 10:33:01,126,60,1,0,-27.9375,-6.75
2021-04-16 10:33:01,142,60,1,0,-27.9375,-6.7
2021-04-16 10:33:01,158,60,1,0,-27.9375,-6.7
2021-04-16 10:33:01,174,60,1,0,-27.9375,-6.7
2021-04-16 10:33:01,190,60,1,0,-27.9375,-6.7
2021-04-16 10:33:01,206,60,1,0,-27.9375,-6.7
2021-04-16 10:33:01,223,60,1,0,-27.9375,-6.800000000000001
2021-04-16 10:33:01,241,60,1,0,-27.9375,-6.800000000000001
2021-04-16 10:33:01,258,60,1,0,-27.9375,-6.75
2021-04-16 10:33:01,274,60,1,0,-27.9375,-6.7
2021-04-16 10:33:01,290,60,1,0,-27.9375,-6.7
2021-04-16 10:33:01,306,60,1,0,-27.9375,-6.7
2021-04-16 10:33:01,322,60,1,0,-27.9375,-6.7
2021-04-16 10:33:01,339,60,1,0,-27.9375,-6.75
2021-04-16 10:33:01,355,60,1,0,-27.9375,-6.7
2021-04-16 10:33:01,371,60,1,0,-27.9375,-6.7
2021-04-16 10:33:01,387,60,1,0,-27.9375,-6.7
2021-04-16 10:33:01,403,60,1,0,-27.9375,-6.7
2021-04-16 10:33:01,419,60,1,0,-27.9375,-6.7
2021-04-16 10:33:01,435,60,1,0,-27.9375,-6.7
2021-04-16 10:33:01,451,60,1,0,-27.9375,-6.7
2021-04-16 10:33:01,467,60,1,0,-27.9375,-6.7
2021-04-16 10:33:01,484,60,1,0,-27.9375,-6.75
2021-04-16 10:33:01,502,60,1,0,-27.9375,-6.7
2021-04-16 10:33:01,528,60,1,0,-27.9375,-7.300000000000001
2021-04-16 10:33:01,545,60,1,0,-27.9375,-6.75
2021-04-16 10:33:01,561,60,1,0,-27.9375,-6.7
2021-04-16 10:33:01,577,60,1,0,-27.9375,-6.7
2021-04-16 10:33:01,592,60,1,0,-27.9375,-6.7
2021-04-16 10:33:01,609,60,1,0,-27.9375,-6.7
2021-04-16 10:33:01,625,60,1,0,-27.9375,-6.7
2021-04-16 10:33:01,641,60,1,0,-27.9375,-6.7
2021-04-16 10:33:01,658,60,1,0,-27.9375,-6.75
2021-04-16 10:33:01,674,60,1,0,-27.9375,-6.75
2021-04-16 10:33:01,691,60,1,0,-27.9375,-6.7
2021-04-16 10:33:01,707,60,1,0,-27.9375,-6.7
2021-04-16 10:33:01,723,60,1,0,-27.9375,-6.7
2021-04-16 10:33:01,739,60,1,0,-27.9375,-6.7
2021-04-16 10:33:01,755,60,1,0,-27.9375,-6.7
2021-04-16 10:33:01,771,60,1,0,-27.9375,-6.7
2021-04-16 10:33:01,787,60,1,0,-27.9375,-6.7
2021-04-16 10:33:01,804,60,1,0,-27.9375,-6.7
2021-04-16 10:33:01,819,60,1,0,-27.9375,-6.7
2021-04-16 10:33:01,835,60,1,0,-27.9375,-6.7
2021-04-16 10:33:01,851,60,1,0,-27.9375,-6.7
2021-04-16 10:33:01,867,60,1,0,-27.9375,-6.7
2021-04-16 10:33:01,883,60,1,0,-27.9375,-6.7
2021-04-16 10:33:01,899,60,1,0,-27.9375,-6.7
2021-04-16 10:33:01,915,60,1,0,-27.9375,-6.7
2021-04-16 10:33:01,932,60,1,0,-27.9375,-6.7
2021-04-16 10:33:01,948,60,1,0,-27.9375,-6.75
2021-04-16 10:33:01,965,60,1,0,-27.9375,-6.7
2021-04-16 10:33:01,981,60,1,0,-27.9375,-6.75
2021-04-16 10:33:01,998,60,1,0,-27.9375,-6.7
2021-04-16 10:33:02,015,60,1,0,-27.9375,-6.75
2021-04-16 10:33:02,031,60,1,0,-27.9375,-6.7
2021-04-16 10:33:02,047,60,1,0,-27.9375,-6.7
2021-04-16 10:33:02,063,60,1,0,-27.9375,-6.7
2021-04-16 10:33:02,079,60,1,0,-27.9375,-6.7
2021-04-16 10:33:02,095,60,1,0,-27.9375,-6.7
2021-04-16 10:33:02,111,60,1,0,-27.9375,-6.7
2021-04-16 10:33:02,128,60,1,0,-27.9375,-6.75
2021-04-16 10:33:02,144,60,1,0,-27.9375,-6.7
2021-04-16 10:33:02,160,60,1,0,-27.9375,-6.75
2021-04-16 10:33:02,178,60,1,0,-27.9375,-6.75
2021-04-16 10:33:02,194,60,1,0,-27.9375,-6.7
2021-04-16 10:33:02,210,60,1,0,-27.9375,-6.7
2021-04-16 10:33:02,229,60,1,0,-27.9375,-6.9
2021-04-16 10:33:02,245,60,1,0,-27.9375,-6.75
2021-04-16 10:33:02,263,60,1,0,-27.9375,-6.75
2021-04-16 10:33:02,283,60,1,0,-27.9375,-6.9
2021-04-16 10:33:02,299,60,1,0,-27.9375,-6.7
2021-04-16 10:33:02,315,60,1,0,-27.9375,-6.7
2021-04-16 10:33:02,332,60,1,0,-27.9375,-6.75
2021-04-16 10:33:02,348,60,1,0,-27.9375,-6.7
2021-04-16 10:33:02,364,60,1,0,-27.9375,-6.7
2021-04-16 10:33:02,380,60,1,0,-27.9375,-6.7
2021-04-16 10:33:02,396,60,1,0,-27.9375,-6.7
2021-04-16 10:33:02,412,60,1,0,-27.9375,-6.7
2021-04-16 10:33:02,428,60,1,0,-27.9375,-6.75
2021-04-16 10:33:02,445,60,1,0,-27.9375,-6.7
2021-04-16 10:33:02,462,60,1,0,-27.9375,-6.75
2021-04-16 10:33:02,478,60,1,0,-27.9375,-6.7
2021-04-16 10:33:02,494,60,1,0,-27.9375,-6.7
2021-04-16 10:33:02,511,60,1,0,-27.9375,-6.7
2021-04-16 10:33:02,528,60,1,0,-27.9375,-6.800000000000001
2021-04-16 10:33:02,544,60,1,0,-27.9375,-6.7
2021-04-16 10:33:02,569,60,1,0,-27.9375,-7.050000000000001
2021-04-16 10:33:02,601,60,1,0,-27.9375,-7.5
2021-04-16 10:33:02,620,60,1,0,-27.9375,-6.95
2021-04-16 10:33:02,636,60,1,0,-27.9375,-6.7
2021-04-16 10:33:02,652,60,1,0,-27.9375,-6.7
2021-04-16 10:33:02,668,60,1,0,-27.9375,-6.75
2021-04-16 10:33:02,685,60,1,0,-27.9375,-6.7
2021-04-16 10:33:02,703,60,1,0,-27.9375,-6.800000000000001
2021-04-16 10:33:02,719,60,1,0,-27.9375,-6.7
2021-04-16 10:33:02,735,60,1,0,-27.9375,-6.7
2021-04-16 10:33:02,751,60,1,0,-27.9375,-6.7
2021-04-16 10:33:02,768,60,1,0,-27.9375,-6.75
2021-04-16 10:33:02,784,60,1,0,-27.9375,-6.7
2021-04-16 10:33:02,802,60,1,0,-27.9375,-6.800000000000001
2021-04-16 10:33:02,818,60,1,0,-27.9375,-6.7
2021-04-16 10:33:02,836,60,1,0,-27.9375,-6.800000000000001
2021-04-16 10:33:02,852,60,1,0,-27.9375,-6.7
2021-04-16 10:33:02,868,60,1,0,-27.9375,-6.75
2021-04-16 10:33:02,885,60,1,0,-27.9375,-6.7
2021-04-16 10:33:02,901,60,1,0,-27.9375,-6.7
2021-04-16 10:33:02,920,60,1,0,-27.9375,-6.8500000000000005
2021-04-16 10:33:02,942,60,1,0,-27.9375,-7.0
2021-04-16 10:33:02,959,60,1,0,-27.9375,-6.75
2021-04-16 10:33:02,976,60,1,0,-27.9375,-6.75
2021-04-16 10:33:02,992,60,1,0,-27.9375,-6.7
2021-04-16 10:33:03,010,60,1,0,-27.9375,-6.7
2021-04-16 10:33:03,026,60,1,0,-27.9375,-6.75
2021-04-16 10:33:03,042,60,1,0,-27.9375,-6.7
2021-04-16 10:33:03,059,60,1,0,-27.9375,-6.75
2021-04-16 10:33:03,076,60,1,0,-27.9375,-6.7
2021-04-16 10:33:03,093,60,1,0,-27.9375,-6.800000000000001
2021-04-16 10:33:03,110,60,1,0,-27.9375,-6.75
2021-04-16 10:33:03,127,60,1,0,-27.9375,-6.7
2021-04-16 10:33:03,143,60,1,0,-27.9375,-6.75
2021-04-16 10:33:03,161,60,1,0,-27.9375,-6.800000000000001
2021-04-16 10:33:03,177,60,1,0,-27.9375,-6.7
2021-04-16 10:33:03,194,60,1,0,-27.9375,-6.75
2021-04-16 10:33:03,210,60,1,0,-27.9375,-6.7
2021-04-16 10:33:03,230,60,1,0,-27.9375,-6.9
2021-04-16 10:33:03,246,60,1,0,-27.9375,-6.75
2021-04-16 10:33:03,262,60,1,0,-27.9375,-6.7
2021-04-16 10:33:03,278,60,1,0,-27.9375,-6.7
2021-04-16 10:33:03,295,60,1,0,-27.9375,-6.75
2021-04-16 10:33:03,311,60,1,0,-27.9375,-6.7
2021-04-16 10:33:03,327,60,1,0,-27.9375,-6.7
2021-04-16 10:33:03,344,60,1,0,-27.9375,-6.75
2021-04-16 10:33:03,361,60,1,0,-27.9375,-6.75
2021-04-16 10:33:03,377,60,1,0,-27.9375,-6.7
2021-04-16 10:33:03,394,60,1,0,-27.9375,-6.7
2021-04-16 10:33:03,410,60,1,0,-27.9375,-6.75
2021-04-16 10:33:03,426,60,1,0,-27.9375,-6.7
2021-04-16 10:33:03,442,60,1,0,-27.9375,-6.7
2021-04-16 10:33:03,458,60,1,0,-27.9375,-6.75
2021-04-16 10:33:03,475,60,1,0,-27.9375,-6.7
2021-04-16 10:33:03,493,60,1,0,-27.9375,-6.800000000000001
2021-04-16 10:33:03,510,60,1,0,-27.9375,-6.75
2021-04-16 10:33:03,526,60,1,0,-27.9375,-6.7
2021-04-16 10:33:03,542,60,1,0,-27.9375,-6.7
2021-04-16 10:33:03,558,60,1,0,-27.9375,-6.7
2021-04-16 10:33:03,574,60,1,0,-27.9375,-6.7
2021-04-16 10:33:03,590,60,1,0,-27.9375,-6.7
2021-04-16 10:33:03,607,60,1,0,-27.9375,-6.7
2021-04-16 10:33:03,626,60,1,0,-27.9375,-6.9
2021-04-16 10:33:03,643,60,1,0,-27.9375,-6.75
2021-04-16 10:33:03,660,60,1,0,-27.9375,-6.75
2021-04-16 10:33:03,677,60,1,0,-27.9375,-6.75
2021-04-16 10:33:03,694,60,1,0,-27.9375,-6.75
2021-04-16 10:33:03,711,60,0,0,-27.9375,-6.85
2021-04-16 10:33:03,727,60,0,0,-27.9375,-6.8
2021-04-16 10:33:03,744,60,0,0,-27.9375,-6.85
2021-04-16 10:33:03,759,60,0,0,-27.9375,-6.8
2021-04-16 10:33:03,777,60,0,0,-27.9375,-6.8
2021-04-16 10:33:03,792,60,0,0,-27.9375,-6.85
2021-04-16 10:33:03,810,60,0,0,-27.9375,-6.85
2021-04-16 10:33:03,826,60,0,0,-27.9375,-6.8
2021-04-16 10:33:03,842,60,0,0,-27.9375,-6.8
2021-04-16 10:33:03,858,60,0,0,-27.9375,-6.8
2021-04-16 10:33:03,874,60,0,0,-27.9375,-6.8
2021-04-16 10:33:03,890,60,0,0,-27.9375,-6.8
2021-04-16 10:33:03,906,60,0,0,-27.9375,-6.8
2021-04-16 10:33:03,922,60,0,0,-27.9375,-6.8
2021-04-16 10:33:03,944,60,0,0,-27.9375,-7.1
2021-04-16 10:33:03,960,60,0,0,-27.9375,-6.8
2021-04-16 10:33:03,976,60,0,0,-27.9375,-6.8
2021-04-16 10:33:03,992,60,0,0,-27.9375,-6.8
2021-04-16 10:33:04,010,60,0,0,-27.9375,-6.85
2021-04-16 10:33:04,025,60,0,0,-27.9375,-6.8
2021-04-16 10:33:04,043,60,0,0,-27.9375,-6.8
2021-04-16 10:33:04,059,60,0,0,-27.9375,-6.85
2021-04-16 10:33:04,075,60,0,0,-27.9375,-6.8
2021-04-16 10:33:04,092,60,0,0,-27.9375,-6.85
2021-04-16 10:33:04,111,60,0,0,-27.9375,-6.95
2021-04-16 10:33:04,128,60,0,0,-27.9375,-6.8
2021-04-16 10:33:04,145,60,0,0,-27.9375,-6.9
2021-04-16 10:33:04,164,60,0,0,-27.9375,-6.95
2021-04-16 10:33:04,184,60,0,0,-27.9375,-7.0
2021-04-16 10:33:04,200,60,0,0,-27.9375,-6.8
2021-04-16 10:33:04,217,60,0,0,-27.9375,-6.9
2021-04-16 10:33:04,234,60,0,0,-27.9375,-6.85
2021-04-16 10:33:04,251,60,0,0,-27.9375,-6.85
2021-04-16 10:33:04,267,60,0,0,-27.9375,-6.8
2021-04-16 10:33:04,283,60,0,0,-27.9375,-6.8
2021-04-16 10:33:04,300,60,0,0,-27.9375,-6.85
2021-04-16 10:33:04,316,60,0,0,-27.9375,-6.8
2021-04-16 10:33:04,333,60,0,0,-27.9375,-6.85
2021-04-16 10:33:04,350,60,0,0,-27.9375,-6.85
2021-04-16 10:33:04,369,60,0,0,-27.9375,-6.95
2021-04-16 10:33:04,387,60,0,0,-27.9375,-6.95
2021-04-16 10:33:04,406,60,0,0,-27.9375,-6.9
2021-04-16 10:33:04,423,60,0,0,-27.9375,-6.85
2021-04-16 10:33:04,439,60,0,0,-27.9375,-6.8
2021-04-16 10:33:04,455,60,0,0,-27.9375,-6.8
2021-04-16 10:33:04,472,60,0,0,-27.9375,-6.85
2021-04-16 10:33:04,488,60,0,0,-27.9375,-6.8
2021-04-16 10:33:04,504,60,0,0,-27.9375,-6.8
2021-04-16 10:33:04,522,60,0,0,-27.9375,-6.9
2021-04-16 10:33:04,542,60,0,0,-27.9375,-7.0
2021-04-16 10:33:04,558,60,0,0,-27.9375,-6.8
2021-04-16 10:33:04,574,60,0,0,-27.9375,-6.8
2021-04-16 10:33:04,591,60,0,0,-27.9375,-6.85
2021-04-16 10:33:04,608,60,0,0,-27.9375,-6.85
2021-04-16 10:33:04,625,60,0,0,-27.9375,-6.85
2021-04-16 10:33:04,641,60,0,0,-27.9375,-6.8
2021-04-16 10:33:04,657,60,0,0,-27.9375,-6.8
2021-04-16 10:33:04,675,60,0,0,-27.9375,-6.9
2021-04-16 10:33:04,692,60,0,0,-27.9375,-6.85
2021-04-16 10:33:04,708,60,0,0,-27.9375,-6.8
2021-04-16 10:33:04,724,60,0,0,-27.9375,-6.8
2021-04-16 10:33:04,741,60,0,0,-27.9375,-6.85
2021-04-16 10:33:04,757,60,0,0,-27.9375,-6.8
2021-04-16 10:33:04,773,60,0,0,-27.9375,-6.8
2021-04-16 10:33:04,789,60,0,0,-27.9375,-6.8
2021-04-16 10:33:04,805,60,0,0,-27.9375,-6.8
2021-04-16 10:33:04,821,60,0,0,-27.9375,-6.8
2021-04-16 10:33:04,837,60,0,0,-27.9375,-6.8
2021-04-16 10:33:04,854,60,0,0,-27.9375,-6.85
2021-04-16 10:33:04,870,60,0,0,-27.9375,-6.8
2021-04-16 10:33:04,887,60,0,0,-27.9375,-6.8
2021-04-16 10:33:04,902,60,0,0,-27.9375,-6.8
2021-04-16 10:33:04,918,60,0,0,-27.9375,-6.8
2021-04-16 10:33:04,934,60,0,0,-27.9375,-6.8
2021-04-16 10:33:04,950,60,0,0,-27.9375,-6.8
2021-04-16 10:33:04,970,60,0,0,-27.9375,-6.8
2021-04-16 10:33:04,985,60,0,0,-27.9375,-7.0
2021-04-16 10:33:05,004,60,0,0,-27.9375,-6.85
2021-04-16 10:33:05,021,60,0,0,-27.9375,-6.85
2021-04-16 10:33:05,038,60,0,0,-27.9375,-6.85
2021-04-16 10:33:05,054,60,0,0,-27.9375,-6.8
2021-04-16 10:33:05,070,60,0,0,-27.9375,-6.8
2021-04-16 10:33:05,086,60,0,0,-27.9375,-6.8
2021-04-16 10:33:05,103,60,0,0,-27.9375,-6.8
2021-04-16 10:33:05,119,60,0,0,-27.9375,-6.85
2021-04-16 10:33:05,135,60,0,0,-27.9375,-6.8
2021-04-16 10:33:05,151,60,0,0,-27.9375,-6.8
2021-04-16 10:33:05,167,60,0,0,-27.9375,-6.8
2021-04-16 10:33:05,183,60,0,0,-27.9375,-6.8
2021-04-16 10:33:05,199,60,0,0,-27.9375,-6.8
2021-04-16 10:33:05,218,60,0,0,-27.9375,-7.0
2021-04-16 10:33:05,235,60,0,0,-27.9375,-6.85
2021-04-16 10:33:05,251,60,0,0,-27.9375,-6.8
2021-04-16 10:33:05,268,60,0,0,-27.9375,-6.85
2021-04-16 10:33:05,284,60,0,0,-27.9375,-6.8
2021-04-16 10:33:05,300,60,0,0,-27.9375,-6.8
2021-04-16 10:33:05,316,60,0,0,-27.9375,-6.8
2021-04-16 10:33:05,332,60,0,0,-27.9375,-6.8
2021-04-16 10:33:05,349,60,0,0,-27.9375,-6.85
2021-04-16 10:33:05,365,60,0,0,-27.9375,-6.8
2021-04-16 10:33:05,381,60,0,0,-27.9375,-6.8
2021-04-16 10:33:05,397,60,0,0,-27.9375,-6.8
2021-04-16 10:33:05,413,60,0,0,-27.9375,-6.8
2021-04-16 10:33:05,431,60,0,0,-27.9375,-6.9
2021-04-16 10:33:05,447,60,0,0,-27.9375,-6.8
2021-04-16 10:33:05,463,60,0,0,-27.9375,-6.8
2021-04-16 10:33:05,481,60,0,0,-27.9375,-6.85
2021-04-16 10:33:05,500,60,0,0,-27.9375,-7.0
2021-04-16 10:33:05,516,60,0,0,-27.9375,-6.8
2021-04-16 10:33:05,533,60,0,0,-27.9375,-6.85
2021-04-16 10:33:05,550,60,0,0,-27.9375,-6.85
2021-04-16 10:33:05,567,60,0,0,-27.9375,-6.85
2021-04-16 10:33:05,584,60,0,0,-27.9375,-6.85
2021-04-16 10:33:05,600,60,0,0,-27.9375,-6.8
2021-04-16 10:33:05,617,60,0,0,-27.9375,-6.8
2021-04-16 10:33:05,633,60,0,0,-27.9375,-6.85
2021-04-16 10:33:05,649,60,0,0,-27.9375,-6.8
2021-04-16 10:33:05,669,60,0,0,-27.9375,-7.0
2021-04-16 10:33:05,685,60,0,0,-27.9375,-6.8
2021-04-16 10:33:05,702,60,0,0,-27.9375,-6.8
2021-04-16 10:33:05,719,60,0,0,-27.9375,-6.9
2021-04-16 10:33:05,735,60,0,0,-27.9375,-6.85
2021-04-16 10:33:05,753,60,0,0,-27.9375,-6.8
2021-04-16 10:33:05,769,60,0,0,-27.9375,-6.85
2021-04-16 10:33:05,785,60,0,0,-27.9375,-6.8
2021-04-16 10:33:05,801,60,0,0,-27.9375,-6.8
2021-04-16 10:33:05,818,60,0,0,-27.9375,-6.85
2021-04-16 10:33:05,834,60,0,0,-27.9375,-6.8
2021-04-16 10:33:05,850,60,0,0,-27.9375,-6.8
2021-04-16 10:33:05,865,60,0,0,-27.9375,-6.8
2021-04-16 10:33:05,882,60,0,0,-27.9375,-6.8
2021-04-16 10:33:05,901,60,0,0,-27.9375,-7.0
2021-04-16 10:33:05,918,60,0,0,-27.9375,-6.8
2021-04-16 10:33:05,934,60,0,0,-27.9375,-6.8
2021-04-16 10:33:05,953,60,0,0,-27.9375,-6.95
2021-04-16 10:33:05,969,60,0,0,-27.9375,-6.8
2021-04-16 10:33:05,985,60,0,0,-27.9375,-6.8
2021-04-16 10:33:06,002,60,0,0,-27.9375,-6.8
2021-04-16 10:33:06,019,60,0,0,-27.9375,-6.8
2021-04-16 10:33:06,035,60,0,0,-27.9375,-6.85
2021-04-16 10:33:06,050,60,0,0,-27.9375,-6.8
2021-04-16 10:33:06,067,60,0,0,-27.9375,-6.8
2021-04-16 10:33:06,083,60,0,0,-27.9375,-6.8
2021-04-16 10:33:06,099,60,0,0,-27.9375,-6.8
2021-04-16 10:33:06,115,60,0,0,-27.9375,-6.8
2021-04-16 10:33:06,132,60,0,0,-27.9375,-6.85
2021-04-16 10:33:06,148,60,0,0,-27.9375,-6.8
2021-04-16 10:33:06,164,60,0,0,-27.9375,-6.8
2021-04-16 10:33:06,180,60,0,0,-27.9375,-6.8
2021-04-16 10:33:06,197,60,0,0,-27.9375,-6.85
2021-04-16 10:33:06,213,60,0,0,-27.9375,-6.8
2021-04-16 10:33:06,233,60,0,0,-27.9375,-7.05
2021-04-16 10:33:06,250,60,0,0,-27.9375,-6.85
2021-04-16 10:33:06,266,60,0,0,-27.9375,-6.8
2021-04-16 10:33:06,282,60,0,0,-27.9375,-6.8
2021-04-16 10:33:06,298,60,0,0,-27.9375,-6.8
2021-04-16 10:33:06,314,60,0,0,-27.9375,-6.8
2021-04-16 10:33:06,330,60,0,0,-27.9375,-6.8
2021-04-16 10:33:06,346,60,0,0,-27.9375,-6.8
2021-04-16 10:33:06,366,60,0,0,-27.9375,-7.0
2021-04-16 10:33:06,382,60,0,0,-27.9375,-6.8
2021-04-16 10:33:06,398,60,0,0,-27.9375,-6.8
2021-04-16 10:33:06,414,60,0,0,-27.9375,-6.8
2021-04-16 10:33:06,430,60,0,0,-27.9375,-6.8
2021-04-16 10:33:06,446,60,0,0,-27.9375,-6.8
2021-04-16 10:33:06,462,60,0,0,-27.9375,-6.8
2021-04-16 10:33:06,478,60,0,0,-27.9375,-6.8
2021-04-16 10:33:06,495,60,0,0,-27.9375,-6.85
2021-04-16 10:33:06,511,60,0,0,-27.9375,-6.8
2021-04-16 10:33:06,527,60,0,0,-27.9375,-6.8
2021-04-16 10:33:06,543,60,0,0,-27.9375,-6.8
2021-04-16 10:33:06,559,60,0,0,-27.9375,-6.8
2021-04-16 10:33:06,575,60,0,0,-27.9375,-6.8
2021-04-16 10:33:06,591,60,0,0,-27.9375,-6.8
2021-04-16 10:33:06,607,60,0,0,-27.9375,-6.8
2021-04-16 10:33:06,623,60,0,0,-27.9375,-6.8
2021-04-16 10:33:06,645,60,0,0,-27.9375,-7.1
2021-04-16 10:33:06,665,60,0,0,-27.9375,-6.95
2021-04-16 10:33:06,681,60,0,0,-27.9375,-6.85
2021-04-16 10:33:06,697,60,0,0,-27.9375,-6.8
2021-04-16 10:33:06,712,60,0,0,-27.9375,-6.8
2021-04-16 10:33:06,729,60,0,0,-27.9375,-6.8
2021-04-16 10:33:06,747,60,0,0,-27.9375,-6.9
2021-04-16 10:33:06,782,60,0,0,-27.9375,-7.65
2021-04-16 10:33:06,810,60,0,0,-27.9375,-7.5
2021-04-16 10:33:06,830,60,0,0,-27.9375,-7.0
2021-04-16 10:33:06,847,60,0,0,-27.9375,-6.85
2021-04-16 10:33:06,863,60,0,0,-27.9375,-6.8
2021-04-16 10:33:06,883,60,0,0,-27.9375,-7.0
2021-04-16 10:33:06,899,60,0,0,-27.9375,-6.8
2021-04-16 10:33:06,916,60,0,0,-27.9375,-6.85
2021-04-16 10:33:06,932,60,0,0,-27.9375,-6.85
2021-04-16 10:33:06,949,60,0,0,-27.9375,-6.8
2021-04-16 10:33:06,965,60,0,0,-27.9375,-6.8
2021-04-16 10:33:06,981,60,0,0,-27.9375,-6.8
2021-04-16 10:33:06,998,60,0,0,-27.9375,-6.8
2021-04-16 10:33:07,015,60,0,0,-27.9375,-6.8
2021-04-16 10:33:07,031,60,0,0,-27.9375,-6.85
2021-04-16 10:33:07,047,60,0,0,-27.9375,-6.8
2021-04-16 10:33:07,063,60,0,0,-27.9375,-6.8
2021-04-16 10:33:07,079,60,0,0,-27.9375,-6.8
2021-04-16 10:33:07,095,60,0,0,-27.9375,-6.8
2021-04-16 10:33:07,111,60,0,0,-27.9375,-6.8
2021-04-16 10:33:07,127,60,0,0,-27.9375,-6.8
2021-04-16 10:33:07,144,60,0,0,-27.9375,-6.8
2021-04-16 10:33:07,160,60,0,0,-27.9375,-6.85
2021-04-16 10:33:07,176,60,0,0,-27.9375,-6.8
2021-04-16 10:33:07,192,60,0,0,-27.9375,-6.8
2021-04-16 10:33:07,209,60,0,0,-27.9375,-6.8
2021-04-16 10:33:07,229,60,0,0,-27.9375,-7.05
2021-04-16 10:33:07,245,60,0,0,-27.9375,-6.85
2021-04-16 10:33:07,261,60,0,0,-27.9375,-6.8
2021-04-16 10:33:07,279,60,0,0,-27.9375,-6.9
2021-04-16 10:33:07,295,60,0,0,-27.9375,-6.8
2021-04-16 10:33:07,311,60,0,0,-27.9375,-6.8
2021-04-16 10:33:07,327,60,0,0,-27.9375,-6.8
2021-04-16 10:33:07,344,60,0,0,-27.9375,-6.85
2021-04-16 10:33:07,360,60,0,0,-27.9375,-6.8
2021-04-16 10:33:07,376,60,0,0,-27.9375,-6.8
2021-04-16 10:33:07,393,60,0,0,-27.9375,-6.85
2021-04-16 10:33:07,409,60,0,0,-27.9375,-6.8
2021-04-16 10:33:07,426,60,0,0,-27.9375,-6.85
2021-04-16 10:33:07,442,60,0,0,-27.9375,-6.8
2021-04-16 10:33:07,470,60,0,0,-27.9375,-7.4
2021-04-16 10:33:07,489,60,0,0,-27.9375,-6.95
2021-04-16 10:33:07,510,60,0,0,-27.9375,-7.05
2021-04-16 10:33:07,535,60,0,0,-27.9375,-7.2
2021-04-16 10:33:07,568,60,0,0,-27.9375,-7.65
2021-04-16 10:33:07,600,60,0,0,-27.9375,-7.6
2021-04-16 10:33:07,620,60,0,0,-27.9375,-7.05
2021-04-16 10:33:07,638,60,0,0,-27.9375,-6.9
2021-04-16 10:33:07,655,60,0,0,-27.9375,-6.85
2021-04-16 10:33:07,673,60,0,0,-27.9375,-6.9
2021-04-16 10:33:07,700,60,0,0,-27.9375,-7.35
2021-04-16 10:33:07,725,60,0,0,-27.9375,-7.2
2021-04-16 10:33:07,754,60,0,0,-27.9375,-7.45
2021-04-16 10:33:07,781,60,0,0,-27.9375,-7.4
2021-04-16 10:33:07,799,60,0,0,-27.9375,-6.9
2021-04-16 10:33:07,826,60,0,0,-27.9375,-7.3
2021-04-16 10:33:07,872,60,0,0,-27.9375,-8.3
2021-04-16 10:33:07,895,60,0,0,-27.9375,-7.2
2021-04-16 10:33:07,911,60,0,0,-27.9375,-6.8
2021-04-16 10:33:07,928,60,0,0,-27.9375,-6.85
2021-04-16 10:33:07,968,60,0,0,-27.9375,-7.9
2021-04-16 10:33:08,074,60,0,0,-27.9375,-11.3
2021-04-16 10:33:08,111,60,0,0,-27.9375,-7.8
2021-04-16 10:33:08,156,60,0,0,-27.9375,-8.25
2021-04-16 10:33:08,191,60,0,0,-27.9375,-7.8
2021-04-16 10:33:08,217,60,0,0,-27.9375,-7.35
2021-04-16 10:33:08,246,60,0,0,-27.9375,-7.4
2021-04-16 10:33:08,290,60,0,0,-27.9375,-7.7
2021-04-16 10:33:08,321,60,0,0,-27.9375,-8.15
2021-04-16 10:33:08,341,60,0,0,-27.9375,-7.0
2021-04-16 10:33:08,358,60,0,0,-27.9375,-6.85
2021-04-16 10:33:08,379,60,0,0,-27.9375,-7.05
2021-04-16 10:33:08,396,60,0,0,-27.9375,-6.85
2021-04-16 10:33:08,416,60,0,0,-27.9375,-7.0
2021-04-16 10:33:08,433,60,0,0,-27.9375,-6.8
2021-04-16 10:33:08,449,60,0,0,-27.9375,-6.85
2021-04-16 10:33:08,465,60,0,0,-27.9375,-6.8
2021-04-16 10:33:08,483,60,0,0,-27.9375,-6.9
2021-04-16 10:33:08,499,60,0,0,-27.9375,-6.8
2021-04-16 10:33:08,515,60,0,0,-27.9375,-6.8
2021-04-16 10:33:08,531,60,0,0,-27.9375,-6.8
2021-04-16 10:33:08,547,60,0,0,-27.9375,-6.8
2021-04-16 10:33:08,563,60,0,0,-27.9375,-6.8
2021-04-16 10:33:08,579,60,0,0,-27.9375,-6.8
2021-04-16 10:33:08,595,60,0,0,-27.9375,-6.8
2021-04-16 10:33:08,611,60,0,0,-27.9375,-6.8
2021-04-16 10:33:08,627,60,0,0,-27.9375,-6.8
2021-04-16 10:33:08,643,60,0,0,-27.9375,-6.8
2021-04-16 10:33:08,659,60,0,0,-27.9375,-6.8
2021-04-16 10:33:08,677,60,0,0,-27.9375,-6.9
2021-04-16 10:33:08,693,60,0,0,-27.9375,-6.8
2021-04-16 10:33:08,709,60,0,0,-27.9375,-6.8
2021-04-16 10:33:08,725,60,0,0,-27.9375,-6.8
2021-04-16 10:33:08,741,60,0,0,-27.9375,-6.85
2021-04-16 10:33:08,758,60,0,0,-27.9375,-6.8
2021-04-16 10:33:08,774,60,0,0,-27.9375,-6.8
2021-04-16 10:33:08,790,60,0,0,-27.9375,-6.8
2021-04-16 10:33:08,807,60,0,0,-27.9375,-6.85
2021-04-16 10:33:08,823,60,0,0,-27.9375,-6.8
2021-04-16 10:33:08,839,60,0,0,-27.9375,-6.8
2021-04-16 10:33:08,855,60,0,0,-27.9375,-6.8
2021-04-16 10:33:08,875,60,0,0,-27.9375,-7.0
2021-04-16 10:33:08,892,60,0,0,-27.9375,-6.85
2021-04-16 10:33:08,909,60,0,0,-27.9375,-6.85
2021-04-16 10:33:08,925,60,0,0,-27.9375,-6.8
2021-04-16 10:33:08,945,60,0,0,-27.9375,-6.95
2021-04-16 10:33:08,961,60,0,0,-27.9375,-6.85
2021-04-16 10:33:08,977,60,0,0,-27.9375,-6.8
2021-04-16 10:33:08,993,60,0,0,-27.9375,-6.85
2021-04-16 10:33:09,011,60,0,0,-27.9375,-6.8
2021-04-16 10:33:09,028,60,0,0,-27.9375,-6.85
2021-04-16 10:33:09,044,60,0,0,-27.9375,-6.8
2021-04-16 10:33:09,061,60,0,0,-27.9375,-6.8
2021-04-16 10:33:09,077,60,0,0,-27.9375,-6.85
2021-04-16 10:33:09,093,60,0,0,-27.9375,-6.8
2021-04-16 10:33:09,109,60,0,0,-27.9375,-6.8
2021-04-16 10:33:09,125,60,0,0,-27.9375,-6.8
2021-04-16 10:33:09,142,60,0,0,-27.9375,-6.85
2021-04-16 10:33:09,162,60,0,0,-27.9375,-7.0
2021-04-16 10:33:09,179,60,0,0,-27.9375,-6.8
2021-04-16 10:33:09,195,60,0,0,-27.9375,-6.8
2021-04-16 10:33:09,211,60,0,0,-27.9375,-6.85
2021-04-16 10:33:09,230,60,0,0,-27.9375,-6.95
2021-04-16 10:33:09,247,60,0,0,-27.9375,-6.9
2021-04-16 10:33:09,263,60,0,0,-27.9375,-6.8
2021-04-16 10:33:09,279,60,0,0,-27.9375,-6.8
2021-04-16 10:33:09,295,60,0,0,-27.9375,-6.85
2021-04-16 10:33:09,312,60,0,0,-27.9375,-6.8
2021-04-16 10:33:09,328,60,0,0,-27.9375,-6.8
2021-04-16 10:33:09,354,60,0,0,-27.9375,-7.25
2021-04-16 10:33:09,373,60,0,0,-27.9375,-7.0
2021-04-16 10:33:09,389,60,0,0,-27.9375,-6.8
2021-04-16 10:33:09,405,60,0,0,-27.9375,-6.8
2021-04-16 10:33:09,422,60,0,0,-27.9375,-6.85
2021-04-16 10:33:09,438,60,0,0,-27.9375,-6.85
2021-04-16 10:33:09,455,60,0,0,-27.9375,-6.8
2021-04-16 10:33:09,471,60,0,0,-27.9375,-6.8
2021-04-16 10:33:09,487,60,0,0,-27.9375,-6.8
2021-04-16 10:33:09,504,60,0,0,-27.9375,-6.8
2021-04-16 10:33:09,520,60,0,0,-27.9375,-6.85
2021-04-16 10:33:09,537,60,0,0,-27.9375,-6.85
2021-04-16 10:33:09,553,60,0,0,-27.9375,-6.8
2021-04-16 10:33:09,569,60,0,0,-27.9375,-6.8
2021-04-16 10:33:09,585,60,0,0,-27.9375,-6.8
2021-04-16 10:33:09,601,60,0,0,-27.9375,-6.8
2021-04-16 10:33:09,617,60,0,0,-27.9375,-6.8
2021-04-16 10:33:09,632,60,0,0,-27.9375,-6.8
2021-04-16 10:33:09,649,60,0,0,-27.9375,-6.8
2021-04-16 10:33:09,677,60,0,0,-27.9375,-7.3
2021-04-16 10:33:09,711,60,0,0,-27.9375,-7.7
2021-04-16 10:33:09,747,60,0,0,-27.9375,-7.8
2021-04-16 10:33:09,777,60,0,0,-27.9375,-7.55
2021-04-16 10:33:09,799,60,0,0,-27.9375,-7.1
2021-04-16 10:33:09,820,60,0,0,-27.9375,-7.1
2021-04-16 10:33:09,843,60,0,0,-27.9375,-7.1
2021-04-16 10:33:09,868,60,0,0,-27.9375,-7.3
2021-04-16 10:33:09,889,60,0,0,-27.9375,-7.05
2021-04-16 10:33:09,909,60,0,0,-27.9375,-7.0
2021-04-16 10:33:09,931,60,0,0,-27.9375,-7.1
2021-04-16 10:33:09,954,60,0,0,-27.9375,-7.15
2021-04-16 10:33:09,976,60,0,0,-27.9375,-7.1
2021-04-16 10:33:09,998,60,0,0,-27.9375,-7.05
2021-04-16 10:33:10,019,60,0,0,-27.9375,-7.05
2021-04-16 10:33:10,039,60,0,0,-27.9375,-7.0
2021-04-16 10:33:10,060,60,0,0,-27.9375,-7.05
2021-04-16 10:33:10,079,60,0,0,-27.9375,-6.95
2021-04-16 10:33:10,100,60,0,0,-27.9375,-7.05
2021-04-16 10:33:10,121,60,0,0,-27.9375,-7.0
2021-04-16 10:33:10,141,60,0,0,-27.9375,-7.05
2021-04-16 10:33:10,163,60,0,0,-27.9375,-7.05
2021-04-16 10:33:10,183,60,0,0,-27.9375,-7.05
2021-04-16 10:33:10,202,60,0,0,-27.9375,-6.95
2021-04-16 10:33:10,222,60,0,0,-27.9375,-7.05
2021-04-16 10:33:10,244,60,0,0,-27.9375,-7.1
2021-04-16 10:33:10,265,60,0,0,-27.9375,-7.0
2021-04-16 10:33:10,285,60,0,0,-27.9375,-7.05
2021-04-16 10:33:10,305,60,0,0,-27.9375,-7.0
2021-04-16 10:33:10,325,60,0,0,-27.9375,-6.95
2021-04-16 10:33:10,344,60,0,0,-27.9375,-7.0
2021-04-16 10:33:10,364,60,0,0,-27.9375,-7.0
2021-04-16 10:33:10,383,60,0,0,-27.9375,-6.95
2021-04-16 10:33:10,403,60,0,0,-27.9375,-6.95
2021-04-16 10:33:10,422,60,0,0,-27.9375,-7.0
2021-04-16 10:33:10,442,60,0,0,-27.9375,-7.0
2021-04-16 10:33:10,462,60,0,0,-27.9375,-6.95
2021-04-16 10:33:10,481,60,0,0,-27.9375,-7.0
2021-04-16 10:33:10,501,60,0,0,-27.9375,-6.95
2021-04-16 10:33:10,520,60,0,0,-27.9375,-6.95
2021-04-16 10:33:10,539,60,0,0,-27.9375,-7.0
2021-04-16 10:33:10,558,60,0,0,-27.9375,-6.95
2021-04-16 10:33:10,576,60,0,0,-27.9375,-6.9
2021-04-16 10:33:10,596,60,0,0,-27.9375,-6.95
2021-04-16 10:33:10,614,60,0,0,-27.9375,-6.95
2021-04-16 10:33:10,635,60,0,0,-27.9375,-7.05
2021-04-16 10:33:10,655,60,0,0,-27.9375,-7.0
2021-04-16 10:33:10,674,60,0,0,-27.9375,-6.95
2021-04-16 10:33:10,693,60,0,0,-27.9375,-6.95
2021-04-16 10:33:10,713,60,0,0,-27.9375,-6.95
2021-04-16 10:33:10,732,60,0,0,-27.9375,-6.95
2021-04-16 10:33:10,750,60,0,0,-27.9375,-6.95
2021-04-16 10:33:10,769,60,0,0,-27.9375,-6.95
2021-04-16 10:33:10,788,60,0,0,-27.9375,-6.95
2021-04-16 10:33:10,807,60,0,0,-27.9375,-6.95
2021-04-16 10:33:10,826,60,0,0,-27.9375,-6.9
2021-04-16 10:33:10,844,60,0,0,-27.9375,-6.95
2021-04-16 10:33:10,863,60,0,0,-27.9375,-6.95
2021-04-16 10:33:10,881,60,0,0,-27.9375,-6.9
2021-04-16 10:33:10,899,60,0,0,-27.9375,-6.9
2021-04-16 10:33:10,917,60,0,0,-27.9375,-6.9
2021-04-16 10:33:10,936,60,0,0,-27.9375,-6.95
2021-04-16 10:33:10,955,60,0,0,-27.9375,-6.95
2021-04-16 10:33:10,974,60,0,0,-27.9375,-6.9
2021-04-16 10:33:10,995,60,0,0,-27.9375,-7.05
2021-04-16 10:33:11,015,60,0,0,-27.9375,-7.0
2021-04-16 10:33:11,036,60,0,0,-27.9375,-7.05
2021-04-16 10:33:11,057,60,0,0,-27.9375,-7.05
2021-04-16 10:33:11,077,60,0,0,-27.9375,-7.0
2021-04-16 10:33:11,097,60,0,0,-27.9375,-7.0
2021-04-16 10:33:11,116,60,0,0,-27.9375,-6.95
2021-04-16 10:33:11,136,60,0,0,-27.9375,-6.95
2021-04-16 10:33:11,155,60,0,0,-27.9375,-7.0
2021-04-16 10:33:11,175,60,0,0,-27.9375,-7.0
2021-04-16 10:33:11,195,60,0,0,-27.9375,-7.0
2021-04-16 10:33:11,214,60,0,0,-27.9375,-7.0
2021-04-16 10:33:11,239,60,0,0,-27.9375,-7.2
2021-04-16 10:33:11,259,60,0,0,-27.9375,-7.05
2021-04-16 10:33:11,278,60,0,0,-27.9375,-6.95
2021-04-16 10:33:11,298,60,0,0,-27.9375,-7.0
2021-04-16 10:33:11,317,60,0,0,-27.9375,-6.95
2021-04-16 10:33:11,336,60,0,0,-27.9375,-6.95
2021-04-16 10:33:11,355,60,0,0,-27.9375,-6.95
2021-04-16 10:33:11,375,60,0,0,-27.9375,-6.95
2021-04-16 10:33:11,394,60,0,0,-27.9375,-7.0
2021-04-16 10:33:11,413,60,0,0,-27.9375,-6.95
2021-04-16 10:33:11,449,60,0,0,-27.9375,-7.75
2021-04-16 10:33:11,485,60,0,0,-27.9375,-7.75
2021-04-16 10:33:11,505,60,0,0,-27.9375,-7.1
2021-04-16 10:33:11,524,60,0,0,-27.9375,-6.9
2021-04-16 10:33:11,543,60,0,0,-27.9375,-7.0
2021-04-16 10:33:11,562,60,0,0,-27.9375,-6.95
2021-04-16 10:33:11,582,60,0,0,-27.9375,-6.95
2021-04-16 10:33:11,601,60,0,0,-27.9375,-7.0
2021-04-16 10:33:11,619,60,0,0,-27.9375,-6.9
2021-04-16 10:33:11,638,60,0,0,-27.9375,-6.95
2021-04-16 10:33:11,658,60,0,0,-27.9375,-7.0
2021-04-16 10:33:11,676,60,0,0,-27.9375,-6.9
2021-04-16 10:33:11,695,60,0,0,-27.9375,-6.95
2021-04-16 10:33:11,714,60,0,0,-27.9375,-6.95
2021-04-16 10:33:11,733,60,0,0,-27.9375,-6.95
2021-04-16 10:33:11,752,60,0,0,-27.9375,-6.95
2021-04-16 10:33:11,771,60,0,0,-27.9375,-6.95
2021-04-16 10:33:11,789,60,0,0,-27.9375,-6.9
2021-04-16 10:33:11,808,60,0,0,-27.9375,-6.9
2021-04-16 10:33:11,826,60,0,0,-27.9375,-6.95
2021-04-16 10:33:11,846,60,0,0,-27.9375,-6.95
2021-04-16 10:33:11,864,60,0,0,-27.9375,-6.95
2021-04-16 10:33:11,883,60,0,0,-27.9375,-6.95
2021-04-16 10:33:11,902,60,0,0,-27.9375,-6.95
2021-04-16 10:33:11,920,60,0,0,-27.9375,-6.9
2021-04-16 10:33:11,938,60,0,0,-27.9375,-6.9
2021-04-16 10:33:11,956,60,0,0,-27.9375,-6.9
2021-04-16 10:33:11,974,60,0,0,-27.9375,-6.9
2021-04-16 10:33:11,992,60,0,0,-27.9375,-6.9
2021-04-16 10:33:12,011,60,0,0,-27.9375,-6.9
2021-04-16 10:33:12,029,60,0,0,-27.9375,-6.9
2021-04-16 10:33:12,049,60,0,0,-27.9375,-7.0
2021-04-16 10:33:12,070,60,0,0,-27.9375,-7.0
2021-04-16 10:33:12,090,60,0,0,-27.9375,-7.05
2021-04-16 10:33:12,111,60,0,0,-27.9375,-7.05
2021-04-16 10:33:12,130,60,0,0,-27.9375,-6.95
2021-04-16 10:33:12,150,60,0,0,-27.9375,-7.0
2021-04-16 10:33:12,169,60,0,0,-27.9375,-6.95
2021-04-16 10:33:12,189,60,0,0,-27.9375,-7.0
2021-04-16 10:33:12,209,60,0,0,-27.9375,-7.0
2021-04-16 10:33:12,233,60,0,0,-27.9375,-7.25
2021-04-16 10:33:12,252,60,0,0,-27.9375,-6.95
2021-04-16 10:33:12,271,60,0,0,-27.9375,-6.95
2021-04-16 10:33:12,291,60,0,0,-27.9375,-7.0
2021-04-16 10:33:12,310,60,0,0,-27.9375,-6.95
2021-04-16 10:33:12,329,60,0,0,-27.9375,-6.95
2021-04-16 10:33:12,348,60,0,0,-27.9375,-6.95
2021-04-16 10:33:12,367,60,0,0,-27.9375,-6.95
2021-04-16 10:33:12,386,60,0,0,-27.9375,-6.95
2021-04-16 10:33:12,405,60,0,0,-27.9375,-6.95
2021-04-16 10:33:12,423,60,0,0,-27.9375,-6.9
2021-04-16 10:33:12,441,60,0,0,-27.9375,-6.9
2021-04-16 10:33:12,460,60,0,0,-27.9375,-6.95
2021-04-16 10:33:12,479,60,0,0,-27.9375,-6.9
2021-04-16 10:33:12,497,60,0,0,-27.9375,-6.95
2021-04-16 10:33:12,516,60,0,0,-27.9375,-6.95
2021-04-16 10:33:12,534,60,0,0,-27.9375,-6.9
2021-04-16 10:33:12,552,60,0,0,-27.9375,-6.9
2021-04-16 10:33:12,570,60,0,0,-27.9375,-6.9
2021-04-16 10:33:12,589,60,0,0,-27.9375,-6.9
2021-04-16 10:33:12,606,60,0,0,-27.9375,-6.9
2021-04-16 10:33:12,624,60,0,0,-27.9375,-6.9
2021-04-16 10:33:12,643,60,0,0,-27.9375,-6.95
2021-04-16 10:33:12,661,60,0,0,-27.9375,-6.9
2021-04-16 10:33:12,681,60,0,0,-27.9375,-7.0
2021-04-16 10:33:12,700,60,0,0,-27.9375,-6.9
2021-04-16 10:33:12,718,60,0,0,-27.9375,-6.95
2021-04-16 10:33:12,738,60,0,0,-27.9375,-6.95
2021-04-16 10:33:12,756,60,0,0,-27.9375,-6.95
2021-04-16 10:33:12,775,60,0,0,-27.9375,-6.95
2021-04-16 10:33:12,795,60,0,0,-27.9375,-6.95
2021-04-16 10:33:12,816,60,0,0,-27.9375,-7.0
2021-04-16 10:33:12,837,60,0,0,-27.9375,-7.15
2021-04-16 10:33:12,858,60,0,0,-27.9375,-7.05
2021-04-16 10:33:12,878,60,0,0,-27.9375,-6.95
2021-04-16 10:33:12,897,60,0,0,-27.9375,-7.0
2021-04-16 10:33:12,917,60,0,0,-27.9375,-7.0
2021-04-16 10:33:12,937,60,0,0,-27.9375,-6.95
2021-04-16 10:33:12,956,60,0,0,-27.9375,-7.0
2021-04-16 10:33:12,975,60,0,0,-27.9375,-6.95
2021-04-16 10:33:12,993,60,0,0,-27.9375,-6.9
2021-04-16 10:33:13,012,60,0,0,-27.9375,-6.9
2021-04-16 10:33:13,031,60,0,0,-27.9375,-6.9
2021-04-16 10:33:13,049,60,0,0,-27.9375,-6.95
2021-04-16 10:33:13,067,60,0,0,-27.9375,-6.9
2021-04-16 10:33:13,099,60,0,0,-27.9375,-7.5
2021-04-16 10:33:13,145,60,0,0,-27.9375,-8.25
2021-04-16 10:33:13,171,60,0,0,-27.9375,-7.4
2021-04-16 10:33:13,191,60,0,0,-27.9375,-7.05
2021-04-16 10:33:13,211,60,0,0,-27.9375,-7.0
2021-04-16 10:33:13,234,60,0,0,-27.9375,-7.2
2021-04-16 10:33:13,255,60,0,0,-27.9375,-7.05
2021-04-16 10:33:13,275,60,0,0,-27.9375,-7.0
2021-04-16 10:33:13,295,60,0,0,-27.9375,-7.0
2021-04-16 10:33:13,315,60,0,0,-27.9375,-7.0
2021-04-16 10:33:13,334,60,0,0,-27.9375,-6.95
2021-04-16 10:33:13,354,60,0,0,-27.9375,-6.95
2021-04-16 10:33:13,373,60,0,0,-27.9375,-7.0
2021-04-16 10:33:13,392,60,0,0,-27.9375,-6.95
2021-04-16 10:33:13,411,60,0,0,-27.9375,-6.95
2021-04-16 10:33:13,431,60,0,0,-27.9375,-7.0
2021-04-16 10:33:13,450,60,0,0,-27.9375,-6.9
2021-04-16 10:33:13,469,60,0,0,-27.9375,-7.0
2021-04-16 10:33:13,488,60,0,0,-27.9375,-6.95
2021-04-16 10:33:13,507,60,0,0,-27.9375,-6.95
2021-04-16 10:33:13,526,60,0,0,-27.9375,-6.95
2021-04-16 10:33:13,547,60,0,0,-27.9375,-7.0
2021-04-16 10:33:13,566,60,0,0,-27.9375,-7.0
2021-04-16 10:33:13,585,60,0,0,-27.9375,-6.95
2021-04-16 10:33:13,604,60,0,0,-27.9375,-6.95
2021-04-16 10:33:13,624,60,0,0,-27.9375,-6.95
2021-04-16 10:33:13,642,60,0,0,-27.9375,-6.95
2021-04-16 10:33:13,663,60,0,0,-27.9375,-7.05
2021-04-16 10:33:13,683,60,0,0,-27.9375,-7.0
2021-04-16 10:33:13,701,60,0,0,-27.9375,-6.9
2021-04-16 10:33:13,721,60,0,0,-27.9375,-6.95
2021-04-16 10:33:13,741,60,0,0,-27.9375,-7.0
2021-04-16 10:33:13,761,60,0,0,-27.9375,-7.05
2021-04-16 10:33:13,780,60,0,0,-27.9375,-6.95
2021-04-16 10:33:13,798,60,0,0,-27.9375,-6.9
2021-04-16 10:33:13,818,60,0,0,-27.9375,-7.0
2021-04-16 10:33:13,837,60,0,0,-27.9375,-6.95
2021-04-16 10:33:13,856,60,0,0,-27.9375,-6.95
2021-04-16 10:33:13,874,60,0,0,-27.9375,-6.9
2021-04-16 10:33:13,893,60,0,0,-27.9375,-6.95
2021-04-16 10:33:13,914,60,0,0,-27.9375,-7.05
2021-04-16 10:33:13,933,60,0,0,-27.9375,-6.95
2021-04-16 10:33:13,951,60,0,0,-27.9375,-6.9
2021-04-16 10:33:13,985,60,0,0,-27.9375,-7.65
2021-04-16 10:33:14,020,60,0,0,-27.9375,-7.7
2021-04-16 10:33:14,042,60,0,0,-27.9375,-7.1
2021-04-16 10:33:14,062,60,0,0,-27.9375,-7.05
2021-04-16 10:33:14,081,60,0,0,-27.9375,-6.9
2021-04-16 10:33:14,100,60,0,0,-27.9375,-7.0
2021-04-16 10:33:14,119,60,0,0,-27.9375,-6.95
2021-04-16 10:33:14,137,60,0,0,-27.9375,-6.9
2021-04-16 10:33:14,156,60,0,0,-27.9375,-6.95
2021-04-16 10:33:14,177,60,0,0,-27.9375,-7.05
2021-04-16 10:33:14,197,60,0,0,-27.9375,-7.0
2021-04-16 10:33:14,230,60,0,0,-27.9375,-7.7
2021-04-16 10:33:14,252,60,0,0,-27.9375,-7.05
2021-04-16 10:33:14,272,60,0,0,-27.9375,-7.05
2021-04-16 10:33:14,293,60,0,0,-27.9375,-7.05
2021-04-16 10:33:14,313,60,0,0,-27.9375,-7.0
2021-04-16 10:33:14,333,60,0,0,-27.9375,-7.0
2021-04-16 10:33:14,354,60,0,0,-27.9375,-7.05
2021-04-16 10:33:14,374,60,0,0,-27.9375,-6.95
2021-04-16 10:33:14,393,60,0,0,-27.9375,-6.95
2021-04-16 10:33:14,412,60,0,0,-27.9375,-7.0
2021-04-16 10:33:14,431,60,0,0,-27.9375,-6.95
2021-04-16 10:33:14,449,60,0,0,-27.9375,-6.9
2021-04-16 10:33:14,469,60,0,0,-27.9375,-6.95
2021-04-16 10:33:14,487,60,0,0,-27.9375,-6.95
2021-04-16 10:33:14,507,60,0,0,-27.9375,-6.95
2021-04-16 10:33:14,526,60,0,0,-27.9375,-7.0
2021-04-16 10:33:14,545,60,0,0,-27.9375,-6.95
2021-04-16 10:33:14,564,60,0,0,-27.9375,-6.95
2021-04-16 10:33:14,583,60,0,0,-27.9375,-6.95
2021-04-16 10:33:14,602,60,0,0,-27.9375,-6.95
2021-04-16 10:33:14,620,60,0,0,-27.9375,-6.9
2021-04-16 10:33:14,639,60,0,0,-27.9375,-6.95
2021-04-16 10:33:14,657,60,0,0,-27.9375,-6.9
2021-04-16 10:33:14,676,60,0,0,-27.9375,-6.95
2021-04-16 10:33:14,694,60,0,0,-27.9375,-6.9
2021-04-16 10:33:14,713,60,0,0,-27.9375,-6.95
2021-04-16 10:33:14,732,60,0,0,-27.9375,-6.9
2021-04-16 10:33:14,751,60,0,0,-27.9375,-7.0
2021-04-16 10:33:14,769,60,0,0,-27.9375,-6.9
2021-04-16 10:33:14,787,60,0,0,-27.9375,-6.9
2021-04-16 10:33:14,807,60,0,0,-27.9375,-7.0
2021-04-16 10:33:14,827,60,0,0,-27.9375,-7.0
2021-04-16 10:33:14,846,60,0,0,-27.9375,-6.9
2021-04-16 10:33:14,864,60,0,0,-27.9375,-6.95
2021-04-16 10:33:14,882,60,0,0,-27.9375,-6.9
2021-04-16 10:33:14,901,60,0,0,-27.9375,-6.9
2021-04-16 10:33:14,919,60,0,0,-27.9375,-6.95
2021-04-16 10:33:14,938,60,0,0,-27.9375,-6.9
2021-04-16 10:33:14,956,60,0,0,-27.9375,-6.95
2021-04-16 10:33:14,975,60,0,0,-27.9375,-6.9
2021-04-16 10:33:14,993,60,0,0,-27.9375,-6.95
2021-04-16 10:33:15,012,60,0,0,-27.9375,-6.85
2021-04-16 10:33:15,033,60,0,0,-27.9375,-7.1
2021-04-16 10:33:15,050,60,0,0,-27.9375,-6.85
2021-04-16 10:33:15,068,60,0,0,-27.9375,-6.9
2021-04-16 10:33:15,087,60,0,0,-27.9375,-6.95
2021-04-16 10:33:15,105,60,0,0,-27.9375,-6.9
2021-04-16 10:33:15,123,60,0,0,-27.9375,-6.9
2021-04-16 10:33:15,142,60,0,0,-27.9375,-6.9
2021-04-16 10:33:15,160,60,0,0,-27.9375,-6.95
2021-04-16 10:33:15,179,60,0,0,-27.9375,-6.9
2021-04-16 10:33:15,200,60,0,0,-27.9375,-7.1
2021-04-16 10:33:15,218,60,0,0,-27.9375,-6.95
2021-04-16 10:33:15,243,60,0,0,-27.9375,-7.25
2021-04-16 10:33:15,266,60,0,0,-27.9375,-7.15
2021-04-16 10:33:15,287,60,0,0,-27.9375,-7.05
2021-04-16 10:33:15,307,60,0,0,-27.9375,-7.0
2021-04-16 10:33:15,327,60,0,0,-27.9375,-7.0
2021-04-16 10:33:15,348,60,0,0,-27.9375,-6.95
2021-04-16 10:33:15,367,60,0,0,-27.9375,-7.05
2021-04-16 10:33:15,387,60,0,0,-27.9375,-7.0
2021-04-16 10:33:15,407,60,0,0,-27.9375,-6.95
2021-04-16 10:33:15,425,60,0,0,-27.9375,-6.95
2021-04-16 10:33:15,444,60,0,0,-27.9375,-6.95
2021-04-16 10:33:15,463,60,0,0,-27.9375,-6.95
2021-04-16 10:33:15,481,60,0,0,-27.9375,-6.9
2021-04-16 10:33:15,500,60,0,0,-27.9375,-6.95
2021-04-16 10:33:15,518,60,0,0,-27.9375,-6.9
2021-04-16 10:33:15,536,60,0,0,-27.9375,-6.9
2021-04-16 10:33:15,555,60,0,0,-27.9375,-6.95
2021-04-16 10:33:15,573,60,0,0,-27.9375,-6.9
2021-04-16 10:33:15,592,60,0,0,-27.9375,-6.9
2021-04-16 10:33:15,610,60,0,0,-27.9375,-6.95
2021-04-16 10:33:15,629,60,0,0,-27.9375,-6.9
2021-04-16 10:33:15,647,60,0,0,-27.9375,-6.95
2021-04-16 10:33:15,667,60,0,0,-27.9375,-7.0
2021-04-16 10:33:15,686,60,0,0,-27.9375,-6.9
2021-04-16 10:33:15,704,60,0,0,-27.9375,-6.95
2021-04-16 10:33:15,722,60,0,0,-27.9375,-6.9
2021-04-16 10:33:15,741,60,0,0,-27.9375,-6.95
2021-04-16 10:33:15,759,60,0,0,-27.9375,-6.9
2021-04-16 10:33:15,777,60,0,0,-27.9375,-6.9
2021-04-16 10:33:15,796,60,0,0,-27.9375,-6.95
2021-04-16 10:33:15,814,60,0,0,-27.9375,-6.9
2021-04-16 10:33:15,833,60,0,0,-27.9375,-6.95
2021-04-16 10:33:15,851,60,0,0,-27.9375,-6.9
2021-04-16 10:33:15,870,60,0,0,-27.9375,-6.95
2021-04-16 10:33:15,889,60,0,0,-27.9375,-6.9
2021-04-16 10:33:15,907,60,0,0,-27.9375,-6.95
2021-04-16 10:33:15,925,60,0,0,-27.9375,-6.9
2021-04-16 10:33:15,944,60,0,0,-27.9375,-6.95
2021-04-16 10:33:15,963,60,0,0,-27.9375,-6.95
2021-04-16 10:33:15,981,60,0,0,-27.9375,-6.9
2021-04-16 10:33:16,001,60,0,0,-27.9375,-6.9
2021-04-16 10:33:16,019,60,0,0,-27.9375,-6.95
2021-04-16 10:33:16,038,60,0,0,-27.9375,-6.9
2021-04-16 10:33:16,057,60,0,0,-27.9375,-6.95
2021-04-16 10:33:16,075,60,0,0,-27.9375,-6.95
2021-04-16 10:33:16,093,60,0,0,-27.9375,-6.9
2021-04-16 10:33:16,114,60,0,0,-27.9375,-7.0
2021-04-16 10:33:16,132,60,0,0,-27.9375,-6.95
2021-04-16 10:33:16,150,60,0,0,-27.9375,-6.9
2021-04-16 10:33:16,169,60,0,0,-27.9375,-6.95
2021-04-16 10:33:16,223,60,0,0,-27.9375,-8.65
2021-04-16 10:33:16,264,60,0,0,-27.9375,-8.1
2021-04-16 10:33:16,307,60,0,0,-27.9375,-8.05
2021-04-16 10:33:16,343,60,0,0,-27.9375,-7.95
2021-04-16 10:33:16,365,60,0,0,-27.9375,-7.1
2021-04-16 10:33:16,386,60,0,0,-27.9375,-7.05
2021-04-16 10:33:16,407,60,0,0,-27.9375,-7.05
2021-04-16 10:33:16,426,60,0,0,-27.9375,-6.95
2021-04-16 10:33:16,445,60,0,0,-27.9375,-6.95
2021-04-16 10:33:16,466,60,0,0,-27.9375,-7.0
2021-04-16 10:33:16,500,60,0,0,-27.9375,-7.6
2021-04-16 10:33:16,539,60,0,0,-27.9375,-8.0
2021-04-16 10:33:16,571,60,0,0,-27.9375,-7.7
2021-04-16 10:33:16,594,60,0,0,-27.9375,-7.1
2021-04-16 10:33:16,616,60,0,0,-27.9375,-7.1
2021-04-16 10:33:16,641,60,0,0,-27.9375,-7.25
2021-04-16 10:33:16,664,60,0,0,-27.9375,-7.2
2021-04-16 10:33:16,687,60,0,0,-27.9375,-7.15
2021-04-16 10:33:16,710,60,0,0,-27.9375,-7.15
2021-04-16 10:33:16,730,60,0,0,-27.9375,-7.0
2021-04-16 10:33:16,755,60,0,0,-27.9375,-7.25
2021-04-16 10:33:16,774,60,0,0,-27.9375,-6.95
2021-04-16 10:33:16,798,60,0,0,-27.9375,-7.0
2021-04-16 10:33:16,818,60,0,0,-27.9375,-7.15
2021-04-16 10:33:16,837,60,0,0,-27.9375,-6.95
2021-04-16 10:33:16,859,60,0,0,-27.9375,-7.1
2021-04-16 10:33:16,907,60,0,0,-27.9375,-8.35
2021-04-16 10:33:16,961,60,0,0,-27.9375,-8.7
2021-04-16 10:33:16,986,60,0,0,-27.9375,-7.35
2021-04-16 10:33:17,008,60,0,0,-27.9375,-7.05
2021-04-16 10:33:17,028,60,0,0,-27.9375,-7.0
2021-04-16 10:33:17,048,60,0,0,-27.9375,-7.0
2021-04-16 10:33:17,067,60,0,0,-27.9375,-6.95
2021-04-16 10:33:17,089,60,0,0,-27.9375,-7.1
2021-04-16 10:33:17,108,60,0,0,-27.9375,-6.9
2021-04-16 10:33:17,126,60,0,0,-27.9375,-6.95
2021-04-16 10:33:17,145,60,0,0,-27.9375,-6.95
2021-04-16 10:33:17,164,60,0,0,-27.9375,-6.9
2021-04-16 10:33:17,182,60,0,0,-27.9375,-6.95
2021-04-16 10:33:17,201,60,0,0,-27.9375,-6.95
2021-04-16 10:33:17,221,60,0,0,-27.9375,-7.05
2021-04-16 10:33:17,243,60,0,0,-27.9375,-7.1
2021-04-16 10:33:17,264,60,0,0,-27.9375,-7.05
2021-04-16 10:33:17,284,60,0,0,-27.9375,-6.95
2021-04-16 10:33:17,303,60,0,0,-27.9375,-7.0
2021-04-16 10:33:17,322,60,0,0,-27.9375,-6.95
2021-04-16 10:33:17,341,60,0,0,-27.9375,-6.95
2021-04-16 10:33:17,367,60,0,0,-27.9375,-7.2
2021-04-16 10:33:17,397,60,0,0,-27.9375,-7.55
2021-04-16 10:33:17,418,60,0,0,-27.9375,-7.1
2021-04-16 10:33:17,438,60,0,0,-27.9375,-6.95
2021-04-16 10:33:17,457,60,0,0,-27.9375,-7.0
2021-04-16 10:33:17,477,60,0,0,-27.9375,-7.0
2021-04-16 10:33:17,498,60,0,0,-27.9375,-7.0
2021-04-16 10:33:17,518,60,0,0,-27.9375,-7.0
2021-04-16 10:33:17,537,60,0,0,-27.9375,-6.95
2021-04-16 10:33:17,557,60,0,0,-27.9375,-7.05
2021-04-16 10:33:17,589,60,0,0,-27.9375,-7.55
2021-04-16 10:33:17,621,60,0,0,-27.9375,-7.65
2021-04-16 10:33:17,649,60,0,0,-27.9375,-7.3
2021-04-16 10:33:17,677,60,0,0,-27.9375,-7.45
2021-04-16 10:33:17,697,60,0,0,-27.9375,-7.05
2021-04-16 10:33:17,719,60,0,0,-27.9375,-7.05
2021-04-16 10:33:17,739,60,0,0,-27.9375,-7.05
2021-04-16 10:33:17,759,60,0,0,-27.9375,-7.0
2021-04-16 10:33:17,780,60,0,0,-27.9375,-7.0
2021-04-16 10:33:17,799,60,0,0,-27.9375,-7.0
2021-04-16 10:33:17,818,60,0,0,-27.9375,-6.95
2021-04-16 10:33:17,839,60,0,0,-27.9375,-7.05
2021-04-16 10:33:17,860,60,0,0,-27.9375,-7.0
2021-04-16 10:33:17,879,60,0,0,-27.9375,-6.95
2021-04-16 10:33:17,898,60,0,0,-27.9375,-7.0
2021-04-16 10:33:17,916,60,0,0,-27.9375,-6.9
2021-04-16 10:33:17,935,60,0,0,-27.9375,-6.9
2021-04-16 10:33:17,957,60,0,0,-27.9375,-7.15
2021-04-16 10:33:17,976,60,0,0,-27.9375,-6.9
2021-04-16 10:33:17,994,60,0,0,-27.9375,-6.95
2021-04-16 10:33:18,017,60,0,0,-27.9375,-7.1
2021-04-16 10:33:18,035,60,0,0,-27.9375,-6.9
2021-04-16 10:33:18,054,60,0,0,-27.9375,-6.95
2021-04-16 10:33:18,073,60,0,0,-27.9375,-6.95
2021-04-16 10:33:18,093,60,0,0,-27.9375,-6.95
2021-04-16 10:33:18,112,60,0,0,-27.9375,-7.0
2021-04-16 10:33:18,132,60,0,0,-27.9375,-7.0
2021-04-16 10:33:18,155,60,0,0,-27.9375,-7.1
2021-04-16 10:33:18,182,60,0,0,-27.9375,-7.35
2021-04-16 10:33:18,202,60,0,0,-27.9375,-7.05
2021-04-16 10:33:18,225,60,0,0,-27.9375,-7.1
2021-04-16 10:33:18,247,60,0,0,-27.9375,-7.2
2021-04-16 10:33:18,268,60,0,0,-27.9375,-7.0
2021-04-16 10:33:18,287,60,0,0,-27.9375,-7.0
2021-04-16 10:33:18,308,60,0,0,-27.9375,-7.0
2021-04-16 10:33:18,327,60,0,0,-27.9375,-7.0
2021-04-16 10:33:18,346,60,0,0,-27.9375,-6.95
2021-04-16 10:33:18,366,60,0,0,-27.9375,-6.95
2021-04-16 10:33:18,384,60,0,0,-27.9375,-6.95
2021-04-16 10:33:18,407,60,0,0,-27.9375,-7.15
2021-04-16 10:33:18,433,60,0,0,-27.9375,-7.1
2021-04-16 10:33:18,472,60,0,0,-27.9375,-8.05
2021-04-16 10:33:18,517,60,0,0,-27.9375,-8.25
2021-04-16 10:33:18,557,60,0,0,-27.9375,-7.95
2021-04-16 10:33:18,590,60,0,0,-27.9375,-7.75
2021-04-16 10:33:18,613,60,0,0,-27.9375,-7.15
2021-04-16 10:33:18,643,60,0,0,-27.9375,-7.5
2021-04-16 10:33:18,671,60,0,0,-27.9375,-7.45
2021-04-16 10:33:18,693,60,0,0,-27.9375,-7.1
2021-04-16 10:33:18,736,60,0,0,-27.9375,-8.0
2021-04-16 10:33:18,772,60,0,0,-27.9375,-7.8
2021-04-16 10:33:18,795,60,0,0,-27.9375,-7.3
2021-04-16 10:33:18,815,60,0,0,-27.9375,-7.0
2021-04-16 10:33:18,835,60,0,0,-27.9375,-6.95
2021-04-16 10:33:18,856,60,0,0,-27.9375,-7.1
2021-04-16 10:33:18,878,60,0,0,-27.9375,-7.1
2021-04-16 10:33:18,900,60,0,0,-27.9375,-7.1
2021-04-16 10:33:18,924,60,0,0,-27.9375,-7.15
2021-04-16 10:33:18,947,60,0,0,-27.9375,-7.15
2021-04-16 10:33:18,970,60,0,0,-27.9375,-7.2
2021-04-16 10:33:18,994,60,0,0,-27.9375,-7.15
2021-04-16 10:33:19,018,60,0,0,-27.9375,-7.2
2021-04-16 10:33:19,041,60,0,0,-27.9375,-7.15
2021-04-16 10:33:19,066,60,0,0,-27.9375,-7.25
2021-04-16 10:33:19,089,60,0,0,-27.9375,-7.15
2021-04-16 10:33:19,110,60,0,0,-27.9375,-7.05
2021-04-16 10:33:19,133,60,0,0,-27.9375,-7.1
2021-04-16 10:33:19,153,60,0,0,-27.9375,-7.05
2021-04-16 10:33:19,172,60,0,0,-27.9375,-6.95
2021-04-16 10:33:19,191,60,0,0,-27.9375,-6.95
2021-04-16 10:33:19,211,60,0,0,-27.9375,-7.0
2021-04-16 10:33:19,243,60,0,0,-27.9375,-7.6
2021-04-16 10:33:19,263,60,0,0,-27.9375,-7.05
2021-04-16 10:33:19,283,60,0,0,-27.9375,-7.0
2021-04-16 10:33:19,302,60,0,0,-27.9375,-6.95
2021-04-16 10:33:19,322,60,0,0,-27.9375,-6.95
2021-04-16 10:33:19,340,60,0,0,-27.9375,-6.95
2021-04-16 10:33:19,359,60,0,0,-27.9375,-6.95
2021-04-16 10:33:19,378,60,0,0,-27.9375,-6.9
2021-04-16 10:33:19,396,60,0,0,-27.9375,-6.95
2021-04-16 10:33:19,418,60,0,0,-27.9375,-7.05
2021-04-16 10:33:19,438,60,0,0,-27.9375,-7.05
2021-04-16 10:33:19,457,60,0,0,-27.9375,-6.95
2021-04-16 10:33:19,477,60,0,0,-27.9375,-7.0
2021-04-16 10:33:19,496,60,0,0,-27.9375,-6.9
2021-04-16 10:33:19,525,60,0,0,-27.9375,-7.4
2021-04-16 10:33:19,563,60,0,0,-27.9375,-7.9
2021-04-16 10:33:19,586,60,0,0,-27.9375,-7.25
2021-04-16 10:33:19,604,60,0,0,-27.9375,-6.9
2021-04-16 10:33:19,623,60,0,0,-27.9375,-6.95
2021-04-16 10:33:19,641,60,0,0,-27.9375,-6.9
2021-04-16 10:33:19,660,60,0,0,-27.9375,-6.95
2021-04-16 10:33:19,680,60,0,0,-27.9375,-6.95
2021-04-16 10:33:19,711,60,0,0,-27.9375,-7.6
2021-04-16 10:33:19,732,60,0,0,-27.9375,-7.0
2021-04-16 10:33:19,753,60,0,0,-27.9375,-7.1
2021-04-16 10:33:19,774,60,0,0,-27.9375,-7.0
2021-04-16 10:33:19,794,60,0,0,-27.9375,-7.05
2021-04-16 10:33:19,813,60,0,0,-27.9375,-6.95
2021-04-16 10:33:19,833,60,0,0,-27.9375,-6.95
2021-04-16 10:33:19,853,60,0,0,-27.9375,-7.0
2021-04-16 10:33:19,872,60,0,0,-27.9375,-6.95
2021-04-16 10:33:19,890,60,0,0,-27.9375,-6.95
2021-04-16 10:33:19,910,60,0,0,-27.9375,-6.95
2021-04-16 10:33:19,928,60,0,0,-27.9375,-6.95
2021-04-16 10:33:19,947,60,0,0,-27.9375,-6.9
2021-04-16 10:33:19,966,60,0,0,-27.9375,-7.0
2021-04-16 10:33:19,984,60,0,0,-27.9375,-6.9
2021-04-16 10:33:20,002,60,0,0,-27.9375,-6.85
2021-04-16 10:33:20,021,60,0,0,-27.9375,-6.9
2021-04-16 10:33:20,039,60,0,0,-27.9375,-6.95
2021-04-16 10:33:20,057,60,0,0,-27.9375,-6.85
2021-04-16 10:33:20,075,60,0,0,-27.9375,-6.95
2021-04-16 10:33:20,094,60,0,0,-27.9375,-6.95
2021-04-16 10:33:20,112,60,0,0,-27.9375,-6.9
2021-04-16 10:33:20,131,60,0,0,-27.9375,-6.95
2021-04-16 10:33:20,149,60,0,0,-27.9375,-6.9
2021-04-16 10:33:20,168,60,0,0,-27.9375,-6.9
2021-04-16 10:33:20,188,60,0,0,-27.9375,-7.0
2021-04-16 10:33:20,206,60,0,0,-27.9375,-6.95
2021-04-16 10:33:20,227,60,0,0,-27.9375,-7.05
2021-04-16 10:33:20,249,60,0,0,-27.9375,-7.1
2021-04-16 10:33:20,268,60,0,0,-27.9375,-7.0
2021-04-16 10:33:20,287,60,0,0,-27.9375,-6.95
2021-04-16 10:33:20,307,60,0,0,-27.9375,-7.0
2021-04-16 10:33:20,326,60,0,0,-27.9375,-6.95
2021-04-16 10:33:20,345,60,0,0,-27.9375,-6.95
2021-04-16 10:33:20,366,60,0,0,-27.9375,-7.0
2021-04-16 10:33:20,386,60,0,0,-27.9375,-7.0
2021-04-16 10:33:20,405,60,0,0,-27.9375,-7.0
2021-04-16 10:33:20,425,60,0,0,-27.9375,-7.0
2021-04-16 10:33:20,444,60,0,0,-27.9375,-6.95
2021-04-16 10:33:20,465,60,0,0,-27.9375,-7.05
2021-04-16 10:33:20,488,60,0,0,-27.9375,-7.15
2021-04-16 10:33:20,508,60,0,0,-27.9375,-7.0
2021-04-16 10:33:20,526,60,0,0,-27.9375,-6.9
2021-04-16 10:33:20,546,60,0,0,-27.9375,-6.95
2021-04-16 10:33:20,564,60,0,0,-27.9375,-6.95
2021-04-16 10:33:20,584,60,0,0,-27.9375,-7.0
2021-04-16 10:33:20,617,60,0,0,-27.9375,-7.65
2021-04-16 10:33:20,637,60,0,0,-27.9375,-7.0
2021-04-16 10:33:20,658,60,0,0,-27.9375,-7.05
2021-04-16 10:33:20,680,60,0,0,-27.9375,-7.05
2021-04-16 10:33:20,702,60,0,0,-27.9375,-7.15
2021-04-16 10:33:20,722,60,0,0,-27.9375,-7.0
2021-04-16 10:33:20,742,60,0,0,-27.9375,-7.0
2021-04-16 10:33:20,762,60,0,0,-27.9375,-7.0
2021-04-16 10:33:20,782,60,0,0,-27.9375,-7.0
2021-04-16 10:33:20,803,60,0,0,-27.9375,-7.0
2021-04-16 10:33:20,822,60,0,0,-27.9375,-7.0
2021-04-16 10:33:20,842,60,0,0,-27.9375,-6.95
2021-04-16 10:33:20,861,60,0,0,-27.9375,-7.0
2021-04-16 10:33:20,880,60,0,0,-27.9375,-6.95
2021-04-16 10:33:20,898,60,0,0,-27.9375,-6.9
2021-04-16 10:33:20,917,60,0,0,-27.9375,-6.95
2021-04-16 10:33:20,936,60,0,0,-27.9375,-6.95
2021-04-16 10:33:20,954,60,0,0,-27.9375,-6.9
2021-04-16 10:33:20,974,60,0,0,-27.9375,-7.0
2021-04-16 10:33:20,994,60,0,0,-27.9375,-7.0
2021-04-16 10:33:21,013,60,0,0,-27.9375,-6.9
2021-04-16 10:33:21,032,60,0,0,-27.9375,-6.95
2021-04-16 10:33:21,050,60,0,0,-27.9375,-6.9
2021-04-16 10:33:21,069,60,0,0,-27.9375,-6.95
2021-04-16 10:33:21,089,60,0,0,-27.9375,-7.0
2021-04-16 10:33:21,108,60,0,0,-27.9375,-6.9
2021-04-16 10:33:21,127,60,0,0,-27.9375,-6.95
2021-04-16 10:33:21,146,60,0,0,-27.9375,-7.0
2021-04-16 10:33:21,164,60,0,0,-27.9375,-6.9
2021-04-16 10:33:21,183,60,0,0,-27.9375,-6.95
2021-04-16 10:33:21,203,60,0,0,-27.9375,-7.0
2021-04-16 10:33:21,224,60,0,0,-27.9375,-7.05
2021-04-16 10:33:21,245,60,0,0,-27.9375,-7.1
2021-04-16 10:33:21,265,60,0,0,-27.9375,-7.0
2021-04-16 10:33:21,284,60,0,0,-27.9375,-6.95
2021-04-16 10:33:21,304,60,0,0,-27.9375,-7.0
2021-04-16 10:33:21,323,60,0,0,-27.9375,-6.95
2021-04-16 10:33:21,343,60,0,0,-27.9375,-6.95
2021-04-16 10:33:21,362,60,0,0,-27.9375,-7.0
2021-04-16 10:33:21,383,60,0,0,-27.9375,-7.0
2021-04-16 10:33:21,401,60,0,0,-27.9375,-6.95
2021-04-16 10:33:21,420,60,0,0,-27.9375,-6.95
2021-04-16 10:33:21,440,60,0,0,-27.9375,-7.0
2021-04-16 10:33:21,459,60,0,0,-27.9375,-6.95
2021-04-16 10:33:21,478,60,0,0,-27.9375,-6.95
2021-04-16 10:33:21,499,60,0,0,-27.9375,-7.0
2021-04-16 10:33:21,517,60,0,0,-27.9375,-6.95
2021-04-16 10:33:21,536,60,0,0,-27.9375,-6.95
2021-04-16 10:33:21,555,60,0,0,-27.9375,-6.9
2021-04-16 10:33:21,573,60,0,0,-27.9375,-6.95
2021-04-16 10:33:21,591,60,0,0,-27.9375,-6.9
2021-04-16 10:33:21,610,60,0,0,-27.9375,-6.95
2021-04-16 10:33:21,629,60,0,0,-27.9375,-6.95
2021-04-16 10:33:21,648,60,0,0,-27.9375,-6.95
2021-04-16 10:33:21,669,60,0,0,-27.9375,-7.05
2021-04-16 10:33:21,691,60,0,0,-27.9375,-7.05
2021-04-16 10:33:21,711,60,0,0,-27.9375,-7.05
2021-04-16 10:33:21,731,60,0,0,-27.9375,-7.0
2021-04-16 10:33:21,751,60,0,0,-27.9375,-6.95
2021-04-16 10:33:21,770,60,0,0,-27.9375,-7.0
2021-04-16 10:33:21,791,60,0,0,-27.9375,-7.0
2021-04-16 10:33:21,810,60,0,0,-27.9375,-7.0
2021-04-16 10:33:21,828,60,0,0,-27.9375,-6.9
2021-04-16 10:33:21,849,60,0,0,-27.9375,-7.0
2021-04-16 10:33:21,869,60,0,0,-27.9375,-7.05
2021-04-16 10:33:21,888,60,0,0,-27.9375,-6.95
2021-04-16 10:33:21,907,60,0,0,-27.9375,-6.95
2021-04-16 10:33:21,927,60,0,0,-27.9375,-7.0
2021-04-16 10:33:21,948,60,0,0,-27.9375,-7.0
2021-04-16 10:33:21,969,60,0,0,-27.9375,-7.1
2021-04-16 10:33:21,989,60,0,0,-27.9375,-7.0
2021-04-16 10:33:22,009,60,0,0,-27.9375,-6.95
2021-04-16 10:33:22,029,60,0,0,-27.9375,-7.0
2021-04-16 10:33:22,050,60,0,0,-27.9375,-7.05
2021-04-16 10:33:22,070,60,0,0,-27.9375,-7.0
2021-04-16 10:33:22,089,60,0,0,-27.9375,-6.95
2021-04-16 10:33:22,109,60,0,0,-27.9375,-6.95
2021-04-16 10:33:22,128,60,0,0,-27.9375,-6.95
2021-04-16 10:33:22,147,60,0,0,-27.9375,-7.0
2021-04-16 10:33:22,166,60,0,0,-27.9375,-6.9
2021-04-16 10:33:22,184,60,0,0,-27.9375,-6.95
2021-04-16 10:33:22,204,60,0,0,-27.9375,-7.0
2021-04-16 10:33:22,225,60,0,0,-27.9375,-7.1
2021-04-16 10:33:22,247,60,0,0,-27.9375,-7.05
2021-04-16 10:33:22,266,60,0,0,-27.9375,-7.0
2021-04-16 10:33:22,285,60,0,0,-27.9375,-6.95
2021-04-16 10:33:22,304,60,0,0,-27.9375,-6.95
2021-04-16 10:33:22,323,60,0,0,-27.9375,-6.95
2021-04-16 10:33:22,341,60,0,0,-27.9375,-6.9
2021-04-16 10:33:22,359,60,0,0,-27.9375,-6.9
2021-04-16 10:33:22,378,60,0,0,-27.9375,-6.95
2021-04-16 10:33:22,396,60,0,0,-27.9375,-6.9
2021-04-16 10:33:22,415,60,0,0,-27.9375,-6.95
2021-04-16 10:33:22,434,60,0,0,-27.9375,-6.95
2021-04-16 10:33:22,453,60,0,0,-27.9375,-6.95
2021-04-16 10:33:22,471,60,0,0,-27.9375,-6.9
2021-04-16 10:33:22,490,60,0,0,-27.9375,-6.95
2021-04-16 10:33:22,508,60,0,0,-27.9375,-6.9
2021-04-16 10:33:22,527,60,0,0,-27.9375,-6.9
2021-04-16 10:33:22,545,60,0,0,-27.9375,-6.95
2021-04-16 10:33:22,563,60,0,0,-27.9375,-6.9
2021-04-16 10:33:22,581,60,0,0,-27.9375,-6.9
2021-04-16 10:33:22,599,60,0,0,-27.9375,-6.9
2021-04-16 10:33:22,618,60,0,0,-27.9375,-6.95
2021-04-16 10:33:22,636,60,0,0,-27.9375,-6.9
2021-04-16 10:33:22,655,60,0,0,-27.9375,-6.95
2021-04-16 10:33:22,674,60,0,0,-27.9375,-6.95
2021-04-16 10:33:22,705,60,0,0,-27.9375,-7.4
2021-04-16 10:33:22,744,60,0,0,-27.9375,-7.95
2021-04-16 10:33:22,767,60,0,0,-27.9375,-7.3
2021-04-16 10:33:22,787,60,0,0,-27.9375,-6.95
2021-04-16 10:33:22,805,60,0,0,-27.9375,-6.95
2021-04-16 10:33:22,824,60,0,0,-27.9375,-6.95
2021-04-16 10:33:22,843,60,0,0,-27.9375,-6.9
2021-04-16 10:33:22,862,60,0,0,-27.9375,-7.0
2021-04-16 10:33:22,883,60,0,0,-27.9375,-7.05
2021-04-16 10:33:22,903,60,0,0,-27.9375,-7.0
2021-04-16 10:33:22,926,60,0,0,-27.9375,-7.1
2021-04-16 10:33:22,949,60,0,0,-27.9375,-7.2
2021-04-16 10:33:22,973,60,0,0,-27.9375,-7.15
2021-04-16 10:33:22,997,60,0,0,-27.9375,-7.2
2021-04-16 10:33:23,022,60,0,0,-27.9375,-7.25
2021-04-16 10:33:23,043,60,0,0,-27.9375,-7.0
2021-04-16 10:33:23,064,60,0,0,-27.9375,-7.1
2021-04-16 10:33:23,087,60,0,0,-27.9375,-7.15
2021-04-16 10:33:23,111,60,0,0,-27.9375,-7.2
2021-04-16 10:33:23,134,60,0,0,-27.9375,-7.15
2021-04-16 10:33:23,161,60,0,0,-27.9375,-7.35
2021-04-16 10:33:23,188,60,0,0,-27.9375,-7.35
2021-04-16 10:33:23,238,60,0,0,-27.9375,-8.45
2021-04-16 10:33:23,267,60,0,0,-27.9375,-7.5
2021-04-16 10:33:23,301,60,0,0,-27.9375,-7.65
2021-04-16 10:33:23,329,60,0,0,-27.9375,-7.45
2021-04-16 10:33:23,354,60,0,0,-27.9375,-7.25
2021-04-16 10:33:23,378,60,0,0,-27.9375,-7.25
2021-04-16 10:33:23,406,60,0,0,-27.9375,-7.4
2021-04-16 10:33:23,426,60,0,0,-27.9375,-7.0
2021-04-16 10:33:23,445,60,0,0,-27.9375,-6.95
2021-04-16 10:33:23,466,60,0,0,-27.9375,-7.05
2021-04-16 10:33:23,485,60,0,0,-27.9375,-6.95
2021-04-16 10:33:23,504,60,0,0,-27.9375,-6.95
2021-04-16 10:33:23,523,60,0,0,-27.9375,-6.95
2021-04-16 10:33:23,544,60,0,0,-27.9375,-7.05
2021-04-16 10:33:23,564,60,0,0,-27.9375,-7.0
2021-04-16 10:33:23,586,60,0,0,-27.9375,-7.1
2021-04-16 10:33:23,606,60,0,0,-27.9375,-7.0
2021-04-16 10:33:23,626,60,0,0,-27.9375,-7.0
2021-04-16 10:33:23,645,60,0,0,-27.9375,-6.95
2021-04-16 10:33:23,665,60,0,0,-27.9375,-7.0
2021-04-16 10:33:23,684,60,0,0,-27.9375,-6.95
2021-04-16 10:33:23,704,60,0,0,-27.9375,-7.0
2021-04-16 10:33:23,723,60,0,0,-27.9375,-6.95
2021-04-16 10:33:23,741,60,0,0,-27.9375,-6.9
2021-04-16 10:33:23,766,60,0,0,-27.9375,-7.1
2021-04-16 10:33:23,804,60,0,0,-27.9375,-7.95
2021-04-16 10:33:23,834,60,0,0,-27.9375,-7.6
2021-04-16 10:33:23,854,60,0,0,-27.9375,-7.0
2021-04-16 10:33:23,873,60,0,0,-27.9375,-6.95
2021-04-16 10:33:23,893,60,0,0,-27.9375,-7.0
2021-04-16 10:33:23,913,60,0,0,-27.9375,-7.0
2021-04-16 10:33:23,932,60,0,0,-27.9375,-6.95
2021-04-16 10:33:23,952,60,0,0,-27.9375,-6.95
2021-04-16 10:33:23,971,60,0,0,-27.9375,-7.0
2021-04-16 10:33:23,991,60,0,0,-27.9375,-6.95
2021-04-16 10:33:24,010,60,0,0,-27.9375,-6.95
2021-04-16 10:33:24,029,60,0,0,-27.9375,-6.95
2021-04-16 10:33:24,048,60,0,0,-27.9375,-6.95
2021-04-16 10:33:24,068,60,0,0,-27.9375,-6.95
2021-04-16 10:33:24,087,60,0,0,-27.9375,-7.0
2021-04-16 10:33:24,106,60,0,0,-27.9375,-6.95
2021-04-16 10:33:24,126,60,0,0,-27.9375,-6.95
2021-04-16 10:33:24,144,60,0,0,-27.9375,-6.95
2021-04-16 10:33:24,163,60,0,0,-27.9375,-6.95
2021-04-16 10:33:24,182,60,0,0,-27.9375,-6.95
2021-04-16 10:33:24,201,60,0,0,-27.9375,-6.95
2021-04-16 10:33:24,222,60,0,0,-27.9375,-7.05
2021-04-16 10:33:24,243,60,0,0,-27.9375,-7.1
2021-04-16 10:33:24,263,60,0,0,-27.9375,-6.95
2021-04-16 10:33:24,282,60,0,0,-27.9375,-7.0
2021-04-16 10:33:24,301,60,0,0,-27.9375,-6.95
2021-04-16 10:33:24,321,60,0,0,-27.9375,-7.0
2021-04-16 10:33:24,343,60,0,0,-27.9375,-7.1
2021-04-16 10:33:24,363,60,0,0,-27.9375,-7.0
2021-04-16 10:33:24,382,60,0,0,-27.9375,-6.95
2021-04-16 10:33:24,401,60,0,0,-27.9375,-6.9
2021-04-16 10:33:24,420,60,0,0,-27.9375,-6.95
2021-04-16 10:33:24,438,60,0,0,-27.9375,-6.95
2021-04-16 10:33:24,456,60,0,0,-27.9375,-6.9
2021-04-16 10:33:24,475,60,0,0,-27.9375,-6.95
2021-04-16 10:33:24,494,60,0,0,-27.9375,-6.95
2021-04-16 10:33:24,514,60,0,0,-27.9375,-7.0
2021-04-16 10:33:24,533,60,0,0,-27.9375,-6.95
2021-04-16 10:33:24,552,60,0,0,-27.9375,-6.9
2021-04-16 10:33:24,571,60,0,0,-27.9375,-6.95
2021-04-16 10:33:24,590,60,0,0,-27.9375,-7.0
2021-04-16 10:33:24,610,60,0,0,-27.9375,-6.95
2021-04-16 10:33:24,629,60,0,0,-27.9375,-7.0
2021-04-16 10:33:24,649,60,0,0,-27.9375,-7.0
2021-04-16 10:33:24,668,60,0,0,-27.9375,-6.9
2021-04-16 10:33:24,688,60,0,0,-27.9375,-7.0
2021-04-16 10:33:24,708,60,0,0,-27.9375,-7.05
2021-04-16 10:33:24,727,60,0,0,-27.9375,-6.95
2021-04-16 10:33:24,746,60,0,0,-27.9375,-6.95
2021-04-16 10:33:24,765,60,0,0,-27.9375,-6.95
2021-04-16 10:33:24,785,60,0,0,-27.9375,-6.95
2021-04-16 10:33:24,803,60,0,0,-27.9375,-6.95
2021-04-16 10:33:24,822,60,0,0,-27.9375,-6.95
2021-04-16 10:33:24,843,60,0,0,-27.9375,-7.0
2021-04-16 10:33:24,864,60,0,0,-27.9375,-7.05
2021-04-16 10:33:24,886,60,0,0,-27.9375,-7.1
2021-04-16 10:33:24,907,60,0,0,-27.9375,-7.05
2021-04-16 10:33:24,928,60,0,0,-27.9375,-7.1
